<?xml version="1.0" encoding="UTF-8"?>
<QUESTION_PAPER>
<QUESTION_PAPER_INFORMATION>
  <QUESTION_PAPER_DESCRIPTION>SET A</QUESTION_PAPER_DESCRIPTION> 
</QUESTION_PAPER_INFORMATION>
<QUESTION>
  <QUESTION_ID>1</QUESTION_ID>
  <QUESTION_CATEGORY_NAME>Operating System</QUESTION_CATEGORY_NAME>
  <QUESTION_TYPE>TEXT</QUESTION_TYPE>
  <QUESTION_DESCRIPTION>Define Distributed Operating system?
  </QUESTION_DESCRIPTION>
<ANSWER>a&amp;lt;b;&lt;div&gt;i&amp;lt;j;&lt;/div&gt;&lt;div&gt;l&amp;lt;k;&lt;/div&gt;</ANSWER> 
</QUESTION>
<QUESTION>
  <QUESTION_ID>2</QUESTION_ID>
  <QUESTION_CATEGORY_NAME>Operating System</QUESTION_CATEGORY_NAME>
  <QUESTION_TYPE>TEXT</QUESTION_TYPE>
  <QUESTION_DESCRIPTION>Define all flavor of Unix operating system?
  </QUESTION_DESCRIPTION>
<ANSWER>&lt;br&gt;</ANSWER> 
</QUESTION>
<QUESTION>
  <QUESTION_ID>3</QUESTION_ID>
  <QUESTION_CATEGORY_NAME>Operating System</QUESTION_CATEGORY_NAME>
  <QUESTION_TYPE>TEXT</QUESTION_TYPE>
  <QUESTION_DESCRIPTION>Define deadlock?
  </QUESTION_DESCRIPTION>
<ANSWER>&lt;br&gt;</ANSWER> 
</QUESTION>
<QUESTION>
  <QUESTION_ID>4</QUESTION_ID>
  <QUESTION_CATEGORY_NAME>Operating System</QUESTION_CATEGORY_NAME>
  <QUESTION_TYPE>TEXT</QUESTION_TYPE>
  <QUESTION_DESCRIPTION>What is moniter?</QUESTION_DESCRIPTION>
<ANSWER>&lt;br&gt;</ANSWER> 
</QUESTION>
<QUESTION>
  <QUESTION_ID>5</QUESTION_ID>
  <QUESTION_CATEGORY_NAME>Operating System</QUESTION_CATEGORY_NAME>
  <QUESTION_TYPE>TEXT</QUESTION_TYPE>
  <QUESTION_DESCRIPTION>What is best fit,worst fit and best fit in OS?
  </QUESTION_DESCRIPTION>
<ANSWER>&lt;br&gt;</ANSWER> 
</QUESTION>
<QUESTION>
  <QUESTION_ID>6</QUESTION_ID>
  <QUESTION_CATEGORY_NAME>Operating System</QUESTION_CATEGORY_NAME>
  <QUESTION_TYPE>TEXT</QUESTION_TYPE>
  <QUESTION_DESCRIPTION>What is paging in OS?
  </QUESTION_DESCRIPTION>
<ANSWER>&lt;br&gt;</ANSWER> 
</QUESTION>
<QUESTION>
  <QUESTION_ID>7</QUESTION_ID>
  <QUESTION_CATEGORY_NAME>Java</QUESTION_CATEGORY_NAME>
  <QUESTION_TYPE>TEXT</QUESTION_TYPE>
  <QUESTION_DESCRIPTION>Define Adapter class?
  </QUESTION_DESCRIPTION>
<ANSWER>&lt;br&gt;</ANSWER> 
</QUESTION>
<QUESTION>
  <QUESTION_ID>8</QUESTION_ID>
  <QUESTION_CATEGORY_NAME>Java</QUESTION_CATEGORY_NAME>
  <QUESTION_TYPE>TEXT</QUESTION_TYPE>
  <QUESTION_DESCRIPTION>Difference between http servlet or genricx servlet?
  </QUESTION_DESCRIPTION>
<ANSWER>&lt;br&gt;</ANSWER> 
</QUESTION>
<QUESTION>
  <QUESTION_ID>9</QUESTION_ID>
  <QUESTION_CATEGORY_NAME>Java</QUESTION_CATEGORY_NAME>
  <QUESTION_TYPE>TEXT</QUESTION_TYPE>
  <QUESTION_DESCRIPTION>Define Applet life cycle?
  </QUESTION_DESCRIPTION>
<ANSWER/> 
</QUESTION>
<QUESTION>
  <QUESTION_ID>10</QUESTION_ID>
  <QUESTION_CATEGORY_NAME>Java</QUESTION_CATEGORY_NAME>
  <QUESTION_TYPE>TEXT</QUESTION_TYPE>
  <QUESTION_DESCRIPTION>What is nested class?
  </QUESTION_DESCRIPTION>
<ANSWER/> 
</QUESTION>
<QUESTION>
  <QUESTION_ID>11</QUESTION_ID>
  <QUESTION_CATEGORY_NAME>Java</QUESTION_CATEGORY_NAME>
  <QUESTION_TYPE>TEXT</QUESTION_TYPE>
  <QUESTION_DESCRIPTION>Create own Exception class.
  </QUESTION_DESCRIPTION>
<ANSWER/> 
</QUESTION>
<QUESTION>
  <QUESTION_ID>12</QUESTION_ID>
  <QUESTION_CATEGORY_NAME>Java</QUESTION_CATEGORY_NAME>
  <QUESTION_TYPE>TEXT</QUESTION_TYPE>
  <QUESTION_DESCRIPTION>Define Constructor Overloading with example.
  </QUESTION_DESCRIPTION>
<ANSWER/> 
</QUESTION>
</QUESTION_PAPER>
