<?xml version="1.0" encoding="UTF-8"?>
<QUESTION_PAPER>
<QUESTION_PAPER_INFORMATION>
  <QUESTION_PAPER_DESCRIPTION>SET C</QUESTION_PAPER_DESCRIPTION> 
</QUESTION_PAPER_INFORMATION>
<QUESTION>
  <QUESTION_ID>1</QUESTION_ID>
  <QUESTION_CATEGORY_NAME>SQL</QUESTION_CATEGORY_NAME>
  <QUESTION_TYPE>TEXT</QUESTION_TYPE>
  <QUESTION_DESCRIPTION>Write SQL select query to get the
                         list of item names with total quantity ordered for it
&lt;b&gt;Table : purchase_order&lt;/b&gt;
&lt;pre id=""&gt;&lt;pre id="" &gt;&lt;table border="1" &gt; &lt;tbody&gt; &lt;tr&gt; &lt;th &gt;purchase_order_id&lt;/th&gt;&lt;th &gt;customerid&lt;/th&gt;&lt;th &gt;order_date&lt;/th&gt;&lt;th &gt;item&lt;/th&gt;&lt;th &gt;quantity&lt;/th&gt;&lt;th &gt;price&lt;/th&gt;&lt;/tr&gt; &lt;tr&gt; &lt;td&gt;1&lt;/td&gt; &lt;td&gt;10330&lt;/td&gt; &lt;td&gt;1990-06-30&lt;/td&gt; &lt;td&gt;Pogo stick&lt;/td&gt; &lt;td&gt;1&lt;/td&gt; &lt;td&gt;28&lt;/td&gt; &lt;/tr&gt; &lt;tr&gt; &lt;td&gt;2&lt;/td&gt; &lt;td&gt;10101&lt;/td&gt; &lt;td&gt;1999-06-30&lt;/td&gt; &lt;td&gt;Raft&lt;/td&gt; &lt;td&gt;1&lt;/td&gt; &lt;td&gt;58&lt;/td&gt; &lt;/tr&gt; &lt;tr&gt; &lt;td&gt;3&lt;/td&gt; &lt;td&gt;10298&lt;/td&gt; &lt;td&gt;1999-07-01&lt;/td&gt; &lt;td&gt;Skateboard&lt;/td&gt; &lt;td&gt;1&lt;/td&gt; &lt;td&gt;33&lt;/td&gt; &lt;/tr&gt; &lt;tr&gt; &lt;td&gt;4&lt;/td&gt; &lt;td&gt;10101&lt;/td&gt; &lt;td&gt;1999-07-01&lt;/td&gt; &lt;td&gt;Life Vest&lt;/td&gt; &lt;td&gt;4&lt;/td&gt; &lt;td&gt;125&lt;/td&gt; &lt;/tr&gt; &lt;tr&gt; &lt;td&gt;5&lt;/td&gt; &lt;td&gt;10299&lt;/td&gt; &lt;td&gt;1999-07-06&lt;/td&gt; &lt;td&gt;Parachute&lt;/td&gt; &lt;td&gt;1&lt;/td&gt; &lt;td&gt;1250&lt;/td&gt; &lt;/tr&gt; &lt;tr&gt; &lt;td&gt;6&lt;/td&gt; &lt;td&gt;10339&lt;/td&gt; &lt;td&gt;1999-07-27&lt;/td&gt; &lt;td&gt;Umbrella&lt;/td&gt; &lt;td&gt;1&lt;/td&gt; &lt;td&gt;4.5&lt;/td&gt; &lt;/tr&gt; &lt;tr&gt; &lt;td&gt;7&lt;/td&gt; &lt;td&gt;10449&lt;/td&gt; &lt;td&gt;1999-08-13&lt;/td&gt; &lt;td&gt;Unicycle&lt;/td&gt; &lt;td&gt;1&lt;/td&gt; &lt;td&gt;180.79&lt;/td&gt; &lt;/tr&gt; &lt;tr&gt; &lt;td&gt;8&lt;/td&gt; &lt;td&gt;10101&lt;/td&gt; &lt;td&gt;1999-08-18&lt;/td&gt; &lt;td&gt;Raln Coat&lt;/td&gt; &lt;td&gt;1&lt;/td&gt; &lt;td&gt;18.3&lt;/td&gt; &lt;/tr&gt; &lt;tr&gt; &lt;td&gt;9&lt;/td&gt; &lt;td&gt;10449&lt;/td&gt; &lt;td&gt;1999-09-01&lt;/td&gt; &lt;td&gt;Snow Shoes&lt;/td&gt; &lt;td&gt;1&lt;/td&gt; &lt;td&gt;45&lt;/td&gt; &lt;/tr&gt; &lt;tr&gt; &lt;td&gt;10&lt;/td&gt; &lt;td&gt;10449&lt;/td&gt; &lt;td&gt;1999-08-14&lt;/td&gt; &lt;td&gt;Ski Poles&lt;/td&gt; &lt;td&gt;2&lt;/td&gt; &lt;td&gt;25&lt;/td&gt; &lt;/tr&gt; &lt;tr&gt; &lt;td&gt;11&lt;/td&gt; &lt;td&gt;10449&lt;/td&gt; &lt;td&gt;1999-09-18&lt;/td&gt; &lt;td&gt;Tent&lt;/td&gt; &lt;td&gt;1&lt;/td&gt; &lt;td&gt;58&lt;/td&gt; &lt;/tr&gt; &lt;tr&gt; &lt;td&gt;12&lt;/td&gt; &lt;td&gt;10410&lt;/td&gt; &lt;td&gt;1999-10-28&lt;/td&gt; &lt;td&gt;Sleeping Bag&lt;/td&gt; &lt;td&gt;1&lt;/td&gt; &lt;td&gt;89.22&lt;/td&gt; &lt;/tr&gt; &lt;tr&gt; &lt;td&gt;13&lt;/td&gt; &lt;td&gt;10298&lt;/td&gt; &lt;td&gt;1999-09-19&lt;/td&gt; &lt;td&gt;Lantern&lt;/td&gt; &lt;td&gt;2&lt;/td&gt; &lt;td&gt;29&lt;/td&gt; &lt;/tr&gt; &lt;tr&gt; &lt;td&gt;14&lt;/td&gt; &lt;td&gt;10338&lt;/td&gt; &lt;td&gt;1999-09-01&lt;/td&gt; &lt;td&gt;Umbrella&lt;/td&gt; &lt;td&gt;1&lt;/td&gt; &lt;td&gt;6.75&lt;/td&gt; &lt;/tr&gt; &lt;tr&gt; &lt;td&gt;15&lt;/td&gt; &lt;td&gt;10298&lt;/td&gt; &lt;td&gt;1999-12-01&lt;/td&gt; &lt;td&gt;Helmet&lt;/td&gt; &lt;td&gt;1&lt;/td&gt; &lt;td&gt;22&lt;/td&gt; &lt;/tr&gt; &lt;tr&gt; &lt;td&gt;16&lt;/td&gt; &lt;td&gt;10449&lt;/td&gt; &lt;td&gt;1999-12-15&lt;/td&gt; &lt;td&gt;Bicycle&lt;/td&gt; &lt;td&gt;1&lt;/td&gt; &lt;td&gt;380.5&lt;/td&gt; &lt;/tr&gt; &lt;tr&gt; &lt;td&gt;17&lt;/td&gt; &lt;td&gt;10449&lt;/td&gt; &lt;td&gt;1999-12-22&lt;/td&gt; &lt;td&gt;Canoe&lt;/td&gt; &lt;td&gt;1&lt;/td&gt; &lt;td&gt;280&lt;/td&gt; &lt;/tr&gt; &lt;tr&gt; &lt;td&gt;18&lt;/td&gt; &lt;td&gt;10101&lt;/td&gt; &lt;td&gt;1999-12-30&lt;/td&gt; &lt;td&gt;Hoola Hoop&lt;/td&gt; &lt;td&gt;3&lt;/td&gt; &lt;td&gt;14.75&lt;/td&gt; &lt;/tr&gt; &lt;/tbody&gt; &lt;/table&gt; &lt;/pre&gt; &lt;/pre&gt;</QUESTION_DESCRIPTION>
<ANSWER>Please write your query here</ANSWER>
<MARK>0</MARK>
<CORRECT_ANSWER>[{"1":1,"0":"Bicycle"},{"1":1,"0":"Canoe"},{"1":1,"0":"Helmet"},{"1":3,"0":"Hoola Hoop"},{"1":2,"0":"Lantern"},{"1":4,"0":"Life Vest"},{"1":1,"0":"Parachute"},{"1":1,"0":"Pogo stick"},{"1":1,"0":"Raft"},{"1":1,"0":"Raln Coat"},{"1":1,"0":"Skateboard"},{"1":2,"0":"Ski Poles"},{"1":1,"0":"Sleeping Bag"},{"1":1,"0":"Snow Shoes"},{"1":1,"0":"Tent"},{"1":2,"0":"Umbrella"},{"1":1,"0":"Unicycle"}]</CORRECT_ANSWER>
</QUESTION>
<QUESTION>
  <QUESTION_ID>2</QUESTION_ID>
  <QUESTION_CATEGORY_NAME>SQL</QUESTION_CATEGORY_NAME>
  <QUESTION_TYPE>TEXT</QUESTION_TYPE>
  <QUESTION_DESCRIPTION>Write SQL select query to get  
                        the list of item names with total sales for it
&lt;b&gt;Table : purchase_order&lt;/b&gt;
&lt;pre id=""&gt;&lt;pre id="" &gt;&lt;table border="1" &gt; &lt;tbody&gt; &lt;tr&gt; &lt;th &gt;purchase_order_id&lt;/th&gt;&lt;th &gt;customerid&lt;/th&gt;&lt;th &gt;order_date&lt;/th&gt;&lt;th &gt;item&lt;/th&gt;&lt;th &gt;quantity&lt;/th&gt;&lt;th &gt;price&lt;/th&gt;&lt;/tr&gt; &lt;tr&gt; &lt;td&gt;1&lt;/td&gt; &lt;td&gt;10330&lt;/td&gt; &lt;td&gt;1990-06-30&lt;/td&gt; &lt;td&gt;Pogo stick&lt;/td&gt; &lt;td&gt;1&lt;/td&gt; &lt;td&gt;28&lt;/td&gt; &lt;/tr&gt; &lt;tr&gt; &lt;td&gt;2&lt;/td&gt; &lt;td&gt;10101&lt;/td&gt; &lt;td&gt;1999-06-30&lt;/td&gt; &lt;td&gt;Raft&lt;/td&gt; &lt;td&gt;1&lt;/td&gt; &lt;td&gt;58&lt;/td&gt; &lt;/tr&gt; &lt;tr&gt; &lt;td&gt;3&lt;/td&gt; &lt;td&gt;10298&lt;/td&gt; &lt;td&gt;1999-07-01&lt;/td&gt; &lt;td&gt;Skateboard&lt;/td&gt; &lt;td&gt;1&lt;/td&gt; &lt;td&gt;33&lt;/td&gt; &lt;/tr&gt; &lt;tr&gt; &lt;td&gt;4&lt;/td&gt; &lt;td&gt;10101&lt;/td&gt; &lt;td&gt;1999-07-01&lt;/td&gt; &lt;td&gt;Life Vest&lt;/td&gt; &lt;td&gt;4&lt;/td&gt; &lt;td&gt;125&lt;/td&gt; &lt;/tr&gt; &lt;tr&gt; &lt;td&gt;5&lt;/td&gt; &lt;td&gt;10299&lt;/td&gt; &lt;td&gt;1999-07-06&lt;/td&gt; &lt;td&gt;Parachute&lt;/td&gt; &lt;td&gt;1&lt;/td&gt; &lt;td&gt;1250&lt;/td&gt; &lt;/tr&gt; &lt;tr&gt; &lt;td&gt;6&lt;/td&gt; &lt;td&gt;10339&lt;/td&gt; &lt;td&gt;1999-07-27&lt;/td&gt; &lt;td&gt;Umbrella&lt;/td&gt; &lt;td&gt;1&lt;/td&gt; &lt;td&gt;4.5&lt;/td&gt; &lt;/tr&gt; &lt;tr&gt; &lt;td&gt;7&lt;/td&gt; &lt;td&gt;10449&lt;/td&gt; &lt;td&gt;1999-08-13&lt;/td&gt; &lt;td&gt;Unicycle&lt;/td&gt; &lt;td&gt;1&lt;/td&gt; &lt;td&gt;180.79&lt;/td&gt; &lt;/tr&gt; &lt;tr&gt; &lt;td&gt;8&lt;/td&gt; &lt;td&gt;10101&lt;/td&gt; &lt;td&gt;1999-08-18&lt;/td&gt; &lt;td&gt;Raln Coat&lt;/td&gt; &lt;td&gt;1&lt;/td&gt; &lt;td&gt;18.3&lt;/td&gt; &lt;/tr&gt; &lt;tr&gt; &lt;td&gt;9&lt;/td&gt; &lt;td&gt;10449&lt;/td&gt; &lt;td&gt;1999-09-01&lt;/td&gt; &lt;td&gt;Snow Shoes&lt;/td&gt; &lt;td&gt;1&lt;/td&gt; &lt;td&gt;45&lt;/td&gt; &lt;/tr&gt; &lt;tr&gt; &lt;td&gt;10&lt;/td&gt; &lt;td&gt;10449&lt;/td&gt; &lt;td&gt;1999-08-14&lt;/td&gt; &lt;td&gt;Ski Poles&lt;/td&gt; &lt;td&gt;2&lt;/td&gt; &lt;td&gt;25&lt;/td&gt; &lt;/tr&gt; &lt;tr&gt; &lt;td&gt;11&lt;/td&gt; &lt;td&gt;10449&lt;/td&gt; &lt;td&gt;1999-09-18&lt;/td&gt; &lt;td&gt;Tent&lt;/td&gt; &lt;td&gt;1&lt;/td&gt; &lt;td&gt;58&lt;/td&gt; &lt;/tr&gt; &lt;tr&gt; &lt;td&gt;12&lt;/td&gt; &lt;td&gt;10410&lt;/td&gt; &lt;td&gt;1999-10-28&lt;/td&gt; &lt;td&gt;Sleeping Bag&lt;/td&gt; &lt;td&gt;1&lt;/td&gt; &lt;td&gt;89.22&lt;/td&gt; &lt;/tr&gt; &lt;tr&gt; &lt;td&gt;13&lt;/td&gt; &lt;td&gt;10298&lt;/td&gt; &lt;td&gt;1999-09-19&lt;/td&gt; &lt;td&gt;Lantern&lt;/td&gt; &lt;td&gt;2&lt;/td&gt; &lt;td&gt;29&lt;/td&gt; &lt;/tr&gt; &lt;tr&gt; &lt;td&gt;14&lt;/td&gt; &lt;td&gt;10338&lt;/td&gt; &lt;td&gt;1999-09-01&lt;/td&gt; &lt;td&gt;Umbrella&lt;/td&gt; &lt;td&gt;1&lt;/td&gt; &lt;td&gt;6.75&lt;/td&gt; &lt;/tr&gt; &lt;tr&gt; &lt;td&gt;15&lt;/td&gt; &lt;td&gt;10298&lt;/td&gt; &lt;td&gt;1999-12-01&lt;/td&gt; &lt;td&gt;Helmet&lt;/td&gt; &lt;td&gt;1&lt;/td&gt; &lt;td&gt;22&lt;/td&gt; &lt;/tr&gt; &lt;tr&gt; &lt;td&gt;16&lt;/td&gt; &lt;td&gt;10449&lt;/td&gt; &lt;td&gt;1999-12-15&lt;/td&gt; &lt;td&gt;Bicycle&lt;/td&gt; &lt;td&gt;1&lt;/td&gt; &lt;td&gt;380.5&lt;/td&gt; &lt;/tr&gt; &lt;tr&gt; &lt;td&gt;17&lt;/td&gt; &lt;td&gt;10449&lt;/td&gt; &lt;td&gt;1999-12-22&lt;/td&gt; &lt;td&gt;Canoe&lt;/td&gt; &lt;td&gt;1&lt;/td&gt; &lt;td&gt;280&lt;/td&gt; &lt;/tr&gt; &lt;tr&gt; &lt;td&gt;18&lt;/td&gt; &lt;td&gt;10101&lt;/td&gt; &lt;td&gt;1999-12-30&lt;/td&gt; &lt;td&gt;Hoola Hoop&lt;/td&gt; &lt;td&gt;3&lt;/td&gt; &lt;td&gt;14.75&lt;/td&gt; &lt;/tr&gt; &lt;/tbody&gt; &lt;/table&gt; &lt;/pre&gt; &lt;/pre&gt;</QUESTION_DESCRIPTION>
<ANSWER>select * from purchase_order;</ANSWER>
<MARK>1</MARK>
<CORRECT_ANSWER>[{"1":380.5,"0":"Bicycle"},{"1":280,"0":"Canoe"},{"1":22,"0":"Helmet"},{"1":14.75,"0":"Hoola Hoop"},{"1":29,"0":"Lantern"},{"1":125,"0":"Life Vest"},{"1":1250,"0":"Parachute"},{"1":28,"0":"Pogo stick"},{"1":58,"0":"Raft"},{"1":18.3,"0":"Raln Coat"},{"1":33,"0":"Skateboard"},{"1":25,"0":"Ski Poles"},{"1":89.22,"0":"Sleeping Bag"},{"1":45,"0":"Snow Shoes"},{"1":58,"0":"Tent"},{"1":11.25,"0":"Umbrella"},{"1":180.79,"0":"Unicycle"}]</CORRECT_ANSWER>
</QUESTION>
<QUESTION>
  <QUESTION_ID>3</QUESTION_ID>
  <QUESTION_CATEGORY_NAME>SQL</QUESTION_CATEGORY_NAME>
  <QUESTION_TYPE>TEXT</QUESTION_TYPE>
  <QUESTION_DESCRIPTION>Write SQL select query to get total sales&lt;/font &gt;
&lt;b&gt;Table : purchase_order&lt;/b&gt;
&lt;pre id=""&gt;&lt;pre id="" &gt;&lt;table border="1" &gt; &lt;tbody&gt; &lt;tr&gt; &lt;th &gt;purchase_order_id&lt;/th&gt;&lt;th &gt;customerid&lt;/th&gt;&lt;th &gt;order_date&lt;/th&gt;&lt;th &gt;item&lt;/th&gt;&lt;th &gt;quantity&lt;/th&gt;&lt;th &gt;price&lt;/th&gt;&lt;/tr&gt; &lt;tr&gt; &lt;td&gt;1&lt;/td&gt; &lt;td&gt;10330&lt;/td&gt; &lt;td&gt;1990-06-30&lt;/td&gt; &lt;td&gt;Pogo stick&lt;/td&gt; &lt;td&gt;1&lt;/td&gt; &lt;td&gt;28&lt;/td&gt; &lt;/tr&gt; &lt;tr&gt; &lt;td&gt;2&lt;/td&gt; &lt;td&gt;10101&lt;/td&gt; &lt;td&gt;1999-06-30&lt;/td&gt; &lt;td&gt;Raft&lt;/td&gt; &lt;td&gt;1&lt;/td&gt; &lt;td&gt;58&lt;/td&gt; &lt;/tr&gt; &lt;tr&gt; &lt;td&gt;3&lt;/td&gt; &lt;td&gt;10298&lt;/td&gt; &lt;td&gt;1999-07-01&lt;/td&gt; &lt;td&gt;Skateboard&lt;/td&gt; &lt;td&gt;1&lt;/td&gt; &lt;td&gt;33&lt;/td&gt; &lt;/tr&gt; &lt;tr&gt; &lt;td&gt;4&lt;/td&gt; &lt;td&gt;10101&lt;/td&gt; &lt;td&gt;1999-07-01&lt;/td&gt; &lt;td&gt;Life Vest&lt;/td&gt; &lt;td&gt;4&lt;/td&gt; &lt;td&gt;125&lt;/td&gt; &lt;/tr&gt; &lt;tr&gt; &lt;td&gt;5&lt;/td&gt; &lt;td&gt;10299&lt;/td&gt; &lt;td&gt;1999-07-06&lt;/td&gt; &lt;td&gt;Parachute&lt;/td&gt; &lt;td&gt;1&lt;/td&gt; &lt;td&gt;1250&lt;/td&gt; &lt;/tr&gt; &lt;tr&gt; &lt;td&gt;6&lt;/td&gt; &lt;td&gt;10339&lt;/td&gt; &lt;td&gt;1999-07-27&lt;/td&gt; &lt;td&gt;Umbrella&lt;/td&gt; &lt;td&gt;1&lt;/td&gt; &lt;td&gt;4.5&lt;/td&gt; &lt;/tr&gt; &lt;tr&gt; &lt;td&gt;7&lt;/td&gt; &lt;td&gt;10449&lt;/td&gt; &lt;td&gt;1999-08-13&lt;/td&gt; &lt;td&gt;Unicycle&lt;/td&gt; &lt;td&gt;1&lt;/td&gt; &lt;td&gt;180.79&lt;/td&gt; &lt;/tr&gt; &lt;tr&gt; &lt;td&gt;8&lt;/td&gt; &lt;td&gt;10101&lt;/td&gt; &lt;td&gt;1999-08-18&lt;/td&gt; &lt;td&gt;Raln Coat&lt;/td&gt; &lt;td&gt;1&lt;/td&gt; &lt;td&gt;18.3&lt;/td&gt; &lt;/tr&gt; &lt;tr&gt; &lt;td&gt;9&lt;/td&gt; &lt;td&gt;10449&lt;/td&gt; &lt;td&gt;1999-09-01&lt;/td&gt; &lt;td&gt;Snow Shoes&lt;/td&gt; &lt;td&gt;1&lt;/td&gt; &lt;td&gt;45&lt;/td&gt; &lt;/tr&gt; &lt;tr&gt; &lt;td&gt;10&lt;/td&gt; &lt;td&gt;10449&lt;/td&gt; &lt;td&gt;1999-08-14&lt;/td&gt; &lt;td&gt;Ski Poles&lt;/td&gt; &lt;td&gt;2&lt;/td&gt; &lt;td&gt;25&lt;/td&gt; &lt;/tr&gt; &lt;tr&gt; &lt;td&gt;11&lt;/td&gt; &lt;td&gt;10449&lt;/td&gt; &lt;td&gt;1999-09-18&lt;/td&gt; &lt;td&gt;Tent&lt;/td&gt; &lt;td&gt;1&lt;/td&gt; &lt;td&gt;58&lt;/td&gt; &lt;/tr&gt; &lt;tr&gt; &lt;td&gt;12&lt;/td&gt; &lt;td&gt;10410&lt;/td&gt; &lt;td&gt;1999-10-28&lt;/td&gt; &lt;td&gt;Sleeping Bag&lt;/td&gt; &lt;td&gt;1&lt;/td&gt; &lt;td&gt;89.22&lt;/td&gt; &lt;/tr&gt; &lt;tr&gt; &lt;td&gt;13&lt;/td&gt; &lt;td&gt;10298&lt;/td&gt; &lt;td&gt;1999-09-19&lt;/td&gt; &lt;td&gt;Lantern&lt;/td&gt; &lt;td&gt;2&lt;/td&gt; &lt;td&gt;29&lt;/td&gt; &lt;/tr&gt; &lt;tr&gt; &lt;td&gt;14&lt;/td&gt; &lt;td&gt;10338&lt;/td&gt; &lt;td&gt;1999-09-01&lt;/td&gt; &lt;td&gt;Umbrella&lt;/td&gt; &lt;td&gt;1&lt;/td&gt; &lt;td&gt;6.75&lt;/td&gt; &lt;/tr&gt; &lt;tr&gt; &lt;td&gt;15&lt;/td&gt; &lt;td&gt;10298&lt;/td&gt; &lt;td&gt;1999-12-01&lt;/td&gt; &lt;td&gt;Helmet&lt;/td&gt; &lt;td&gt;1&lt;/td&gt; &lt;td&gt;22&lt;/td&gt; &lt;/tr&gt; &lt;tr&gt; &lt;td&gt;16&lt;/td&gt; &lt;td&gt;10449&lt;/td&gt; &lt;td&gt;1999-12-15&lt;/td&gt; &lt;td&gt;Bicycle&lt;/td&gt; &lt;td&gt;1&lt;/td&gt; &lt;td&gt;380.5&lt;/td&gt; &lt;/tr&gt; &lt;tr&gt; &lt;td&gt;17&lt;/td&gt; &lt;td&gt;10449&lt;/td&gt; &lt;td&gt;1999-12-22&lt;/td&gt; &lt;td&gt;Canoe&lt;/td&gt; &lt;td&gt;1&lt;/td&gt; &lt;td&gt;280&lt;/td&gt; &lt;/tr&gt; &lt;tr&gt; &lt;td&gt;18&lt;/td&gt; &lt;td&gt;10101&lt;/td&gt; &lt;td&gt;1999-12-30&lt;/td&gt; &lt;td&gt;Hoola Hoop&lt;/td&gt; &lt;td&gt;3&lt;/td&gt; &lt;td&gt;14.75&lt;/td&gt; &lt;/tr&gt; &lt;/tbody&gt; &lt;/table&gt; &lt;/pre&gt; &lt;/pre&gt;</QUESTION_DESCRIPTION>
<ANSWER></ANSWER>
<MARK>0</MARK>
<CORRECT_ANSWER>[{"0":2647.81}]</CORRECT_ANSWER>
</QUESTION>
 <QUESTION>
<QUESTION_ID>4</QUESTION_ID>
<QUESTION_CATEGORY_NAME>JAVA</QUESTION_CATEGORY_NAME>
<QUESTION_TYPE>TEXT</QUESTION_TYPE>
<QUESTION_INSTRUCTION>&lt;h5&gt;Please code java program as per the instructions provided in the comments in right hand section&lt;/h5&gt;
&lt;ul&gt; &lt;li&gt;Do NOT change the name of the class or method provided in the code&lt;/li&gt;
&lt;li&gt;Make sure the code gets compiled properly before the final submission. Any compilation error would be displayed on your screen, when you execute the program&lt;/li&gt;
&lt;li&gt;You are expected to write all your test inputs in main method and test your code before submission&lt;/li&gt;
&lt;/ul&gt;
&lt;p&gt;&lt;h5&gt;Please ensure that the code you submit is professionally written i.e.&lt;h5&gt;&lt;/p&gt;
&lt;ul&gt;
&lt;li&gt;Add necessary checks for bad input e.g. null/ empty check, test for not null, zero input etc&lt;/li&gt;
&lt;li&gt;Add proper comments&lt;/li&gt;
&lt;li&gt;Perform appropriate exception handling whereever needed&lt;/li&gt;
&lt;/ul&gt;
&lt;p&gt;&lt;/p&gt;
</QUESTION_INSTRUCTION>
<QUESTION_DESCRIPTION>public class MyClassOne
 { 
	public static int getCountOfOnes(int n) 
	{
        /*
         Please implement this method to
         return the number of '1's in the binary representation of n
         for any integer n, where n &gt; 0

         Example: for n=6 the binary representation is '110' and the number of '1's in that 
         representation is 2

        */
    }
    public static void main(String arr[])
		{
    /* Main Method*/
		}
    
    } 
</QUESTION_DESCRIPTION>
<ANSWER>public class MyClassOne&lt;br&gt; { &lt;br&gt; public static int getCountOfOnes(int n) &lt;br&gt; {&lt;br&gt; /*&lt;br&gt; Please implement this method to&lt;br&gt; return the number of '1's in the binary representation of n&lt;br&gt; for any integer n, where n &amp;gt; 0&lt;br&gt;&lt;br&gt; Example: for n=6 the binary representation is '110' and the number of '1's in that &lt;br&gt; representation is 2&lt;br&gt;&lt;br&gt; */&lt;br&gt; return 1;&lt;br&gt; }&lt;br&gt; public static void main(String arr[])&lt;br&gt; {&lt;br&gt; /* Main Method*/&lt;br&gt; }&lt;br&gt; &lt;br&gt; } &lt;br&gt;</ANSWER>
<MARK>2</MARK>
<TEST_CASE>
<TEST_SCRIPT>@Test public void getCountOfOnesTest1(){ assertEquals(1,getCountOfOnes(1));}</TEST_SCRIPT>
<TEST_SCRIPT>@Test public void getCountOfOnesTest2(){ assertEquals(1,getCountOfOnes(16));}</TEST_SCRIPT>
<TEST_SCRIPT>@Test public void getCountOfOnesTest3(){ assertEquals(6,getCountOfOnes(63));}</TEST_SCRIPT>
<TEST_SCRIPT>@Test public void getCountOfOnesTest4(){ assertEquals(3,getCountOfOnes(7));}</TEST_SCRIPT>
<TEST_SCRIPT>@Test public void getCountOfOnesTest5(){ assertEquals(2,getCountOfOnes(5));}</TEST_SCRIPT>

</TEST_CASE>
</QUESTION>

<QUESTION>
<QUESTION_ID>5</QUESTION_ID>
<QUESTION_CATEGORY_NAME>JAVA</QUESTION_CATEGORY_NAME>
<QUESTION_TYPE>TEXT</QUESTION_TYPE>
<QUESTION_INSTRUCTION>&lt;h5&gt;Please code java program as per the instructions provided in the comments in right hand section&lt;/h5&gt;
&lt;ul&gt; &lt;li&gt;Do NOT change the name of the class or method provided in the code&lt;/li&gt;
&lt;li&gt;Make sure the code gets compiled properly before the final submission. Any compilation error would be displayed on your screen, when you execute the program&lt;/li&gt;
&lt;li&gt;You are expected to write all your test inputs in main method and test your code before submission&lt;/li&gt;
&lt;/ul&gt;
&lt;p&gt;&lt;h5&gt;Please ensure that the code you submit is professionally written i.e.&lt;h5&gt;&lt;/p&gt;
&lt;ul&gt;
&lt;li&gt;Add necessary checks for bad input e.g. null/ empty check, test for not null, zero input etc&lt;/li&gt;
&lt;li&gt;Add proper comments&lt;/li&gt;
&lt;li&gt;Perform appropriate exception handling whereever needed&lt;/li&gt;
&lt;/ul&gt;
&lt;p&gt;&lt;/p&gt;
</QUESTION_INSTRUCTION>
<QUESTION_DESCRIPTION>public class MyClassTwo 
{
 public static int getSumOfNumbers(String s) 
	{
        /*
          Please implement this method to
          return the sum of all integers found in the parameter String. You can assume that
          integers are separated from other parts with one or more spaces (' ' symbol).
          For example, s="12 some text 3  7", result: 22 (12+3+7=22)
         */
    }
     public static void main(String arr[])
		{
    /* Main Method*/
		}
    
    }
</QUESTION_DESCRIPTION>
<ANSWER>public class MyClassTwo &lt;br&gt;{&lt;br&gt; public static int getSumOfNumbers(String s) &lt;br&gt; {&lt;br&gt; /*&lt;br&gt; Please implement this method to&lt;br&gt; return the sum of all integers found in the parameter String. You can assume that&lt;br&gt; integers are separated from other parts with one or more spaces (' ' symbol).&lt;br&gt; For example, s="12 some text 3 7", result: 22 (12+3+7=22)&lt;br&gt; */&lt;br&gt; }&lt;br&gt; public static void main(String arr[])&lt;br&gt; {&lt;br&gt; /* Main Method*/&lt;br&gt; }&lt;br&gt; &lt;br&gt; }&lt;br&gt;</ANSWER>
<MARK>0</MARK>
<TEST_CASE>
<TEST_SCRIPT>@Test public void getSumOfNumbersTest1(){ assertEquals(50,getSumOfNumbers("20 30"));}</TEST_SCRIPT>
<TEST_SCRIPT>@Test public void getSumOfNumbersTest2(){ assertEquals(5,getSumOfNumbers("5 sad"));}</TEST_SCRIPT>
<TEST_SCRIPT>@Test public void getSumOfNumbersTest3(){ assertEquals(10,getSumOfNumbers("10"));}</TEST_SCRIPT>
<TEST_SCRIPT>@Test public void getSumOfNumbersTest4(){ assertEquals(60,getSumOfNumbers("10 asdhf 20 adf 30"));}</TEST_SCRIPT>
<TEST_SCRIPT>@Test public void getSumOfNumbersTest5(){ try{ getSumOfNumbers(null);  assertTrue(true);}catch(NullPointerException e){ assertTrue(false);}  ;}</TEST_SCRIPT>

</TEST_CASE>
</QUESTION>

<QUESTION>
<QUESTION_ID>6</QUESTION_ID>
<QUESTION_CATEGORY_NAME>JAVA</QUESTION_CATEGORY_NAME>

<QUESTION_TYPE>TEXT</QUESTION_TYPE>
<QUESTION_INSTRUCTION>&lt;h5&gt;Please code java program as per the instructions provided in the comments in right hand section&lt;/h5&gt;
&lt;ul&gt; &lt;li&gt;Do NOT change the name of the class or method provided in the code&lt;/li&gt;
&lt;li&gt;Make sure the code gets compiled properly before the final submission. Any compilation error would be displayed on your screen, when you execute the program&lt;/li&gt;
&lt;li&gt;You are expected to write all your test inputs in main method and test your code before submission&lt;/li&gt;
&lt;/ul&gt;
&lt;p&gt;&lt;h5&gt;Please ensure that the code you submit is professionally written i.e.&lt;h5&gt;&lt;/p&gt;
&lt;ul&gt;
&lt;li&gt;Add necessary checks for bad input e.g. null/ empty check, test for not null, zero input etc&lt;/li&gt;
&lt;li&gt;Add proper comments&lt;/li&gt;
&lt;li&gt;Perform appropriate exception handling whereever needed&lt;/li&gt;
&lt;/ul&gt;
&lt;p&gt;&lt;/p&gt;
</QUESTION_INSTRUCTION>
<QUESTION_DESCRIPTION> public class MyClassThree
 {  
	public static int getSumOfTwoClosestToZeroElements(int[] a)
	 {
        /*
          Please implement this method to
          return the sum of the two elements closest to zero.
          If there are two elements equally close to zero like -2 and 2,
          consider the positive element to be "closer" to zero than the negative one.
         */
    }
     
     public static void main(String arr[])
		{
    /* Main Method*/
		}
     
    
    }
</QUESTION_DESCRIPTION>
<ANSWER></ANSWER>
<MARK>0</MARK>
<TEST_CASE>
<TEST_SCRIPT>@Test public void getSumOfTwoClosestToZeroElementsTest1(){
 int temp_array[]={10,20,30};  assertEquals(30,getSumOfTwoClosestToZeroElements(temp_array));}</TEST_SCRIPT>
<TEST_SCRIPT>@Test public void getSumOfTwoClosestToZeroElementsTest2(){
int temp_array[]={-5,-10,5};   assertEquals(0,getSumOfTwoClosestToZeroElements(temp_array));}</TEST_SCRIPT>
<TEST_SCRIPT>@Test public void getSumOfTwoClosestToZeroElementsTest3(){
int temp_array[]={-5,-10,-15}; assertEquals(-15,getSumOfTwoClosestToZeroElements(temp_array));}</TEST_SCRIPT>
<TEST_SCRIPT>@Test public void getSumOfTwoClosestToZeroElementsTest4(){
int temp_array[]={5,3,10}; assertEquals(8,getSumOfTwoClosestToZeroElements(temp_array));}</TEST_SCRIPT>
<TEST_SCRIPT>@Test public void getSumOfTwoClosestToZeroElementsTest5(){
int temp_array[]={-2,-3,-10}; assertEquals(-5,getSumOfTwoClosestToZeroElements(temp_array));}</TEST_SCRIPT>

</TEST_CASE>
</QUESTION>
</QUESTION_PAPER>
