<?xml version="1.0" encoding="UTF-8"?>
<QUESTION_PAPER>
   <QUESTION_PAPER_INFORMATION>
      <QUESTION_PAPER_DESCRIPTION>SET C</QUESTION_PAPER_DESCRIPTION>
   </QUESTION_PAPER_INFORMATION>
   <QUESTION>
      <QUESTION_ID>1</QUESTION_ID>
      <QUESTION_CATEGORY_NAME>SQL</QUESTION_CATEGORY_NAME>
      <QUESTION_TYPE>TEXT</QUESTION_TYPE>
      <QUESTION_INSTRUCTION> </QUESTION_INSTRUCTION>
      <QUESTION_DESCRIPTION>Question: Write an SQL query to returns the Project name, hours, and Project number those working hours are greater than 10.
      &amp;nbsp;&lt;/div&gt;&lt;b&gt;Table : working_hours&lt;/b&gt;&lt;br&gt;&lt;pre id=""&gt;&lt;pre id=""&gt;&lt;table cellspacing="0" cols="5" class='table table-bordered'&gt; &lt;tbody&gt;&lt;tr&gt;&lt;th&gt;employee_number&lt;/th&gt;&lt;th&gt;project_number&lt;/th&gt; &lt;th&gt;hours&lt;/th&gt;&lt;th&gt;id&lt;/th&gt;&lt;/tr&gt;&lt;tr&gt;&lt;td&gt;3&lt;/td&gt;&lt;td&gt;1000&lt;/td&gt; &lt;td&gt;14&lt;/td&gt;&lt;td&gt;1&lt;/td&gt;&lt;/tr&gt;&lt;tr&gt;&lt;td&gt;4&lt;/td&gt;&lt;td&gt;1003&lt;/td&gt; &lt;td&gt;12&lt;/td&gt;&lt;td&gt;2&lt;/td&gt;&lt;/tr&gt;&lt;tr&gt;&lt;td&gt;5&lt;/td&gt;&lt;td&gt;1002&lt;/td&gt; &lt;td&gt;10&lt;/td&gt;&lt;td&gt;3&lt;/td&gt;&lt;/tr&gt;&lt;tr&gt;&lt;td&gt;1&lt;/td&gt;&lt;td&gt;1000&lt;/td&gt; &lt;td&gt;13&lt;/td&gt;&lt;td&gt;4&lt;/td&gt;&lt;/tr&gt;&lt;tr&gt;&lt;td&gt;5&lt;/td&gt;&lt;td&gt;1000&lt;/td&gt;&lt;td&gt;10&lt;/td&gt;&lt;td&gt;5&lt;/td&gt;&lt;/tr&gt;&lt;/tbody&gt;&lt;/table&gt;&lt;/pre&gt; &lt;/pre&gt;
      &amp;nbsp;&lt;/div&gt;&lt;b&gt;Table : project&lt;/b&gt;&lt;br&gt;&lt;pre id=""&gt;&lt;pre id=""&gt;&lt;table cellspacing="0" cols="4" class='table table-bordered'&gt;&lt;tbody&gt;&lt;tr&gt;&lt;th&gt;project_number&lt;/th&gt;&lt;th&gt;pname&lt;/th&gt;&lt;th&gt;budget&lt;/th&gt;&lt;th&gt;department_number&lt;/th&gt;&lt;/tr&gt;&lt;tr&gt;&lt;td&gt;1000&lt;/td&gt;&lt;td&gt;projeect1&lt;/td&gt;&lt;td&gt;10000000&lt;/td&gt;&lt;td&gt;103&lt;/td&gt;&lt;/tr&gt;&lt;tr&gt;&lt;td&gt;1001&lt;/td&gt;&lt;td&gt;project2&lt;/td&gt;&lt;td&gt;15000000&lt;/td&gt;&lt;td&gt;102&lt;/td&gt;&lt;/tr&gt;&lt;tr&gt;&lt;td&gt;1002&lt;/td&gt;&lt;td&gt;project3&lt;/td&gt;&lt;td&gt;30000000&lt;/td&gt;&lt;td&gt;104&lt;/td&gt;&lt;/tr&gt;&lt;tr&gt;&lt;td&gt;1003&lt;/td&gt;&lt;td&gt;project4&lt;/td&gt;&lt;td&gt;20000000&lt;/td&gt;&lt;td&gt;103&lt;/td&gt;&lt;/tr&gt;&lt;tr&gt;&lt;td&gt;1004&lt;/td&gt;&lt;td&gt;project5&lt;/td&gt;&lt;td&gt;25000000&lt;/td&gt;&lt;td&gt;102&lt;/td&gt;&lt;/tr&gt;&lt;/tbody&gt;&lt;/table&gt;&lt;/pre&gt; &lt;/pre&gt;

      </QUESTION_DESCRIPTION>
      <ANSWER>select p.pname,p.project_number,w.hours from project as p,working_hours as w where w.hours&amp;gt;10 and p.project_number=w.project_number;</ANSWER>
      <MARK>3</MARK>
      <CORRECT_ANSWER>[{"2":1000,"1":14,"0":"project1"},{"2":1000,"1":13,"0":"project1"},{"2":1003,"1":12,"0":"project4"}]</CORRECT_ANSWER>
   </QUESTION>
   <QUESTION>
      <QUESTION_ID>2</QUESTION_ID>
      <QUESTION_CATEGORY_NAME>SQL</QUESTION_CATEGORY_NAME>
      <QUESTION_TYPE>TEXT</QUESTION_TYPE>
      <QUESTION_INSTRUCTION> 
      
      </QUESTION_INSTRUCTION>
      <QUESTION_DESCRIPTION>Question: Write an SQL query that returns the Employee name, Project name, Employee title, and hours for all works on records.
      &amp;nbsp;&lt;/div&gt;&lt;b&gt;Table : emp&lt;/b&gt;&lt;br&gt;&lt;pre id=""&gt;&lt;pre id=""&gt;&lt;table cellspacing="0" cols="6" class='table table-bordered'&gt; &lt;tbody&gt;&lt;tr&gt;&lt;th&gt;employee_number&lt;/th&gt;&lt;th&gt;ename&lt;/th&gt;&lt;th&gt;bdate&lt;/th&gt;&lt;th&gt;title&lt;/th&gt;&lt;th&gt;salary&lt;/th&gt;&lt;th&gt;department_number&lt;/th&gt;&lt;/tr&gt;&lt;tr&gt;&lt;td&gt;1&lt;/td&gt;&lt;td&gt;john&lt;/td&gt;&lt;td&gt;1975-01-01 00:00:00&lt;/td&gt;&lt;td&gt;manager&lt;/td&gt;&lt;td&gt;10000&lt;/td&gt;&lt;td&gt;101&lt;/td&gt;&lt;/tr&gt;&lt;tr&gt;&lt;td&gt;2&lt;/td&gt;&lt;td&gt;Michael&lt;/td&gt;&lt;td&gt;1968-05-04 00:00:00&lt;/td&gt;&lt;td&gt;worker&lt;/td&gt;&lt;td&gt;20000&lt;/td&gt;&lt;td&gt;105&lt;/td&gt;&lt;/tr&gt;&lt;tr&gt;&lt;td&gt;3&lt;/td&gt;&lt;td&gt;Jerry&lt;/td&gt;&lt;td&gt;1982-07-17 00:00:00&lt;/td&gt;&lt;td&gt;employee&lt;/td&gt;&lt;td&gt;35000&lt;/td&gt;&lt;td&gt;102&lt;/td&gt;&lt;/tr&gt;&lt;tr&gt;&lt;td&gt;4&lt;/td&gt;&lt;td&gt;mithew&lt;/td&gt;&lt;td&gt;1980-09-20 00:00:00&lt;/td&gt;&lt;td&gt;project manager&lt;/td&gt;&lt;td&gt;83000&lt;/td&gt;&lt;td&gt;101&lt;/td&gt;&lt;/tr&gt;&lt;tr&gt;&lt;td&gt;5&lt;/td&gt;&lt;td&gt;Philip&lt;/td&gt;&lt;td&gt;1970-09-30 00:00:00&lt;/td&gt;&lt;td&gt;employee&lt;/td&gt;&lt;td&gt;45000&lt;/td&gt;&lt;td&gt;105&lt;/td&gt;&lt;/tr&gt;&lt;/tbody&gt;&lt;/table&gt;&lt;/pre&gt; &lt;/pre&gt;
      &amp;nbsp;&lt;/div&gt;&lt;b&gt;Table : project&lt;/b&gt;&lt;br&gt;&lt;pre id=""&gt;&lt;pre id=""&gt;&lt;table cellspacing="0" cols="4" class='table table-bordered'&gt;&lt;tbody&gt;&lt;tr&gt;&lt;th&gt;project_number&lt;/th&gt;&lt;th&gt;pname&lt;/th&gt;&lt;th&gt;budget&lt;/th&gt;&lt;th&gt;department_number&lt;/th&gt;&lt;/tr&gt;&lt;tr&gt;&lt;td&gt;1000&lt;/td&gt;&lt;td&gt;projeect1&lt;/td&gt;&lt;td&gt;10000000&lt;/td&gt;&lt;td&gt;103&lt;/td&gt;&lt;/tr&gt;&lt;tr&gt;&lt;td&gt;1001&lt;/td&gt;&lt;td&gt;project2&lt;/td&gt;&lt;td&gt;15000000&lt;/td&gt;&lt;td&gt;102&lt;/td&gt;&lt;/tr&gt;&lt;tr&gt;&lt;td&gt;1002&lt;/td&gt;&lt;td&gt;project3&lt;/td&gt;&lt;td&gt;30000000&lt;/td&gt;&lt;td&gt;104&lt;/td&gt;&lt;/tr&gt;&lt;tr&gt;&lt;td&gt;1003&lt;/td&gt;&lt;td&gt;project4&lt;/td&gt;&lt;td&gt;20000000&lt;/td&gt;&lt;td&gt;103&lt;/td&gt;&lt;/tr&gt;&lt;tr&gt;&lt;td&gt;1004&lt;/td&gt;&lt;td&gt;project5&lt;/td&gt;&lt;td&gt;25000000&lt;/td&gt;&lt;td&gt;102&lt;/td&gt;&lt;/tr&gt;&lt;/tbody&gt;&lt;/table&gt;&lt;/pre&gt; &lt;/pre&gt;
      &amp;nbsp;&lt;/div&gt;&lt;b&gt;Table : working_hours&lt;/b&gt;&lt;br&gt;&lt;pre id=""&gt;&lt;pre id=""&gt;&lt;table cellspacing="0" cols="5" class='table table-bordered'&gt; &lt;tbody&gt;&lt;tr&gt;&lt;th&gt;employee_number&lt;/th&gt;&lt;th&gt;project_number&lt;/th&gt; &lt;th&gt;hours&lt;/th&gt;&lt;th&gt;id&lt;/th&gt;&lt;/tr&gt;&lt;tr&gt;&lt;td&gt;3&lt;/td&gt;&lt;td&gt;1000&lt;/td&gt; &lt;td&gt;14&lt;/td&gt;&lt;td&gt;1&lt;/td&gt;&lt;/tr&gt;&lt;tr&gt;&lt;td&gt;4&lt;/td&gt;&lt;td&gt;1003&lt;/td&gt; &lt;td&gt;12&lt;/td&gt;&lt;td&gt;2&lt;/td&gt;&lt;/tr&gt;&lt;tr&gt;&lt;td&gt;5&lt;/td&gt;&lt;td&gt;1002&lt;/td&gt; &lt;td&gt;10&lt;/td&gt;&lt;td&gt;3&lt;/td&gt;&lt;/tr&gt;&lt;tr&gt;&lt;td&gt;1&lt;/td&gt;&lt;td&gt;1000&lt;/td&gt; &lt;td&gt;13&lt;/td&gt;&lt;td&gt;4&lt;/td&gt;&lt;/tr&gt;&lt;tr&gt;&lt;td&gt;5&lt;/td&gt;&lt;td&gt;1000&lt;/td&gt;&lt;td&gt;10&lt;/td&gt;&lt;td&gt;5&lt;/td&gt;&lt;/tr&gt;&lt;/tbody&gt;&lt;/table&gt;&lt;/pre&gt; &lt;/pre&gt;

      </QUESTION_DESCRIPTION>
      <ANSWER>select e.ename,p.pname,e.title,w.hours from working_hours as w,emp as e,project as p where e.employee_number=w.employee_number and p.project_number=w.project_number;</ANSWER>
      <MARK>3</MARK>
      <CORRECT_ANSWER>[{"3":14,"2":"employee","1":"project1","0":"Jerry"},{"3":12,"2":"project manager","1":"project4","0":"mithew"},{"3":10,"2":"employee","1":"project3","0":"Philip"},{"3":13,"2":"manager","1":"project1","0":"john"},{"3":10,"2":"employee","1":"project1","0":"Philip"}]</CORRECT_ANSWER>
   </QUESTION>
  
   <QUESTION>
      <QUESTION_ID>3</QUESTION_ID>
      <QUESTION_CATEGORY_NAME>JAVA</QUESTION_CATEGORY_NAME>
      <QUESTION_TYPE>TEXT</QUESTION_TYPE>
      <QUESTION_INSTRUCTION>1)Please write java code inside the method 'getCountOfOnes(int n)'.&lt;BR&gt;&lt;BR&gt;2)Please implement this method to; return the number of '1's in the binary representation of n for any integer n, where n &gt; 0&lt;BR&gt; Example: for n=6 the binary representation is '110' and the number of '1's in that &lt;BR&gt; representation is 2&lt;BR&gt;&lt;BR&gt;3)The method is expected to return given output of following  input provided to it showing below&lt;BR&gt; &lt;table class='table table-bordered'&gt;&lt;tr&gt;&lt;th&gt;Input&lt;/th&gt;	&lt;th&gt;Output&lt;/th&gt;	&lt;/tr&gt;&lt;tr&gt;&lt;td&gt;1&lt;/td&gt;&lt;td&gt;1&lt;/td&gt;&lt;/tr&gt;&lt;td&gt;16&lt;/td&gt;&lt;td&gt;1&lt;/td&gt;&lt;/tr&gt;&lt;tr&gt;&lt;td&gt;63&lt;/td&gt;&lt;td&gt;6&lt;/td&gt;&lt;/tr&gt;&lt;tr&gt;&lt;td&gt;7&lt;/td&gt;&lt;td&gt;3&lt;/td&gt;&lt;/tr&gt;&lt;tr&gt;&lt;td&gt;5&lt;/td&gt;&lt;td&gt;2&lt;/td&gt;&lt;/tr&gt;&lt;table&gt;&lt;h5&gt;Please do not change class name and method name&lt;/h5&gt;
      </QUESTION_INSTRUCTION>
      <QUESTION_DESCRIPTION>public class MyClassOne
 { &lt;BR&gt; public static int getCountOfOnes(int n) &lt;BR&gt; {&lt;BR&gt; /*Please write your code here */&lt;BR&gt;return 1; &lt;BR&gt;}&lt;BR&gt; public static void main(String arr[])&lt;BR&gt; {&lt;BR&gt; /*getCountOfOnes(1); */&lt;BR&gt; }&lt;BR&gt; &lt;BR&gt; } &lt;BR&gt;</QUESTION_DESCRIPTION>
      <ANSWER>public class MyClassOne&lt;br&gt; { &lt;br&gt; public static int getCountOfOnes(int n) &lt;br&gt; {&lt;br&gt; &lt;br&gt; int count=0; /* verible insilize*/&lt;br&gt; while(n&amp;gt;0)&lt;br&gt; {&lt;br&gt; int rem=n%2;&lt;br&gt; if(rem==1) /* if condition check */&lt;br&gt; {&lt;br&gt; count ++;&lt;br&gt; }&lt;br&gt; n=n/2;&lt;br&gt; &lt;br&gt; &lt;br&gt; }&lt;br&gt;return count; &lt;br&gt;}&lt;br&gt; public static void main(String arr[])&lt;br&gt; {&lt;br&gt; /*getCountOfOnes(1); */&lt;br&gt; }&lt;br&gt; &lt;br&gt; } &lt;br&gt;</ANSWER>
      <MARK>5</MARK>
      <TEST_CASE>
         <TEST_SCRIPT>@Test public void getCountOfOnesTest1(){ assertEquals(1,getCountOfOnes(1));}</TEST_SCRIPT>
         <TEST_SCRIPT>@Test public void getCountOfOnesTest2(){ assertEquals(1,getCountOfOnes(16));}</TEST_SCRIPT>
         <TEST_SCRIPT>@Test public void getCountOfOnesTest3(){ assertEquals(6,getCountOfOnes(63));}</TEST_SCRIPT>
         <TEST_SCRIPT>@Test public void getCountOfOnesTest4(){ assertEquals(3,getCountOfOnes(7));}</TEST_SCRIPT>
         <TEST_SCRIPT>@Test public void getCountOfOnesTest5(){ assertEquals(2,getCountOfOnes(5));}</TEST_SCRIPT>
      </TEST_CASE>
   </QUESTION>
   <QUESTION>
      <QUESTION_ID>4</QUESTION_ID>
      <QUESTION_CATEGORY_NAME>JAVA</QUESTION_CATEGORY_NAME>
      <QUESTION_TYPE>TEXT</QUESTION_TYPE>
      <QUESTION_INSTRUCTION>1)Please write java code inside the method 'findDuplicate (int puzzle [])'.&lt;BR&gt;&lt;BR&gt;2)Please implement this method to return the iindex where the duplication is occurring, assume that exactly one value is repeated once and you are tasked to find it.
 For example,
o Input: (1, 5, 10, 2, 1, 3), Output on console: 0 &amp; 4
o Input: (1, 3, 5, 7, 4, 3, 6), Output on console: 1 &amp; 5&lt;BR&gt;&lt;BR&gt; 3)The method is expected to return given output of following  input provided to it showing below      &lt;table class='table table-bordered'&gt;&lt;tr&gt;&lt;th&gt;Input&lt;/th&gt;	&lt;th&gt;Output&lt;/th&gt;	&lt;/tr&gt;&lt;tr&gt;&lt;td&gt;{1, 5, 1,10, 2, 1, 3}&lt;/td&gt;&lt;td&gt;{0,2,5}&lt;/td&gt;&lt;/tr&gt;&lt;td&gt;{1, 3, 5, 7, 4, 3, 6}&lt;/td&gt;&lt;td&gt;{1,5}&lt;/td&gt;&lt;/tr&gt;&lt;tr&gt;&lt;td&gt;{1, 5, 10, 2, 1, 3}&lt;/td&gt;&lt;td&gt;{0,4}&lt;/td&gt;&lt;/tr&gt;&lt;tr&gt;&lt;td&gt;{7,6,9,11,3,5,1};&lt;/td&gt;&lt;td&gt;{}&lt;/td&gt;&lt;/tr&gt;&lt;tr&gt;&lt;td&gt;{4,7,1,9,3,2,2}&lt;/td&gt;&lt;td&gt;{5,6}&lt;/td&gt;&lt;/tr&gt;&lt;table&gt;&lt;h5&gt;Please do not change class name and method name&lt;/h5&gt;</QUESTION_INSTRUCTION>
      <QUESTION_DESCRIPTION>public class MyClassTwo
 {
 public static int [] findDuplicate (int puzzle [])
{
 /*
 Please write your code here.
 */
 return null;
 }
 public static void main(String arr[])
{
/* findDuplicate(input);*/
}
} 
</QUESTION_DESCRIPTION>
      <ANSWER>&lt;br&gt;public class MyClassTwo&lt;br&gt; {&lt;br&gt; &lt;br&gt; int r[]={0,0}; /*array intailize */&lt;br&gt;&lt;br&gt; public static int [] findDuplicate (int puzzle [])&lt;br&gt;&lt;br&gt; &lt;br&gt; {&lt;br&gt; &lt;br&gt; for(int i=0;i&amp;lt;5;i++) /* for loop*/&lt;br&gt; {&lt;br&gt; for(int j=i+1;j&amp;lt;6;j++)&lt;br&gt; &lt;br&gt; if(puzzle[i]==puzzle[j]) /*compare puzzle*/&lt;br&gt; &lt;br&gt; {&lt;br&gt; r[0]=i; &lt;br&gt; &lt;br&gt; r[1]=j; &lt;br&gt; &lt;br&gt; break;&lt;br&gt; }&lt;br&gt; }&lt;br&gt; return r;&lt;br&gt; } &lt;br&gt; public static void main(String arr[])&lt;br&gt;{&lt;br&gt;&lt;br&gt; int arr[]={1,5,10,2,1,3}; /* aray intilize */&lt;br&gt; {&lt;br&gt; r=MyClassTwo.findDuplicate(arr); /* call the method */&lt;br&gt; &lt;br&gt; &lt;br&gt; System.out.println(r[0] +"^n"+r[1]); /* output of the programe */&lt;br&gt; }&lt;br&gt; &lt;br&gt; &lt;br&gt; }&lt;br&gt; &lt;br&gt;&lt;br&gt;</ANSWER>
      <MARK>0</MARK>
      <TEST_CASE>
         <TEST_SCRIPT>@Test public void findDuplicate1(){ int[] input={1, 5, 1,10, 2, 1, 3}; int [] output={0,2,5}; Assert.assertTrue(Arrays.equals(output,findDuplicate(input)));}</TEST_SCRIPT>
         <TEST_SCRIPT>@Test public void findDuplicate2(){ int[] input={1, 3, 5, 7, 4, 3, 6}; int [] output={1,5}; Assert.assertTrue(Arrays.equals(output,findDuplicate(input)));}</TEST_SCRIPT>
         <TEST_SCRIPT>@Test public void findDuplicate3(){ int[] input={1, 5, 10, 2, 1, 3}; int [] output={0,4}; Assert.assertTrue(Arrays.equals(output,findDuplicate(input)));}</TEST_SCRIPT>
         <TEST_SCRIPT>@Test public void findDuplicate4(){ int[] input={7,6,9,11,3,5,1}; int [] output={}; Assert.assertTrue(Arrays.equals(output,findDuplicate(input)));}</TEST_SCRIPT>
         <TEST_SCRIPT>@Test public void findDuplicate5(){ int[] input={4,7,1,9,3,2,2}; int [] output={5,6}; Assert.assertTrue(Arrays.equals(output,findDuplicate(input)));}</TEST_SCRIPT>
      </TEST_CASE>
   </QUESTION>
   <QUESTION>
      <QUESTION_ID>5</QUESTION_ID>
      <QUESTION_CATEGORY_NAME>JAVA</QUESTION_CATEGORY_NAME>
      <QUESTION_TYPE>TEXT</QUESTION_TYPE>
      <QUESTION_INSTRUCTION>1)Please write java code inside the method 'largestSum (int series [])'.&lt;BR&gt;&lt;BR&gt;2)Please implement this method to return the largest sum of continuous sequence.&lt;BR&gt;For example, &lt;BR&gt;o Input: [2, -8, 3, -2, 4, -10], Output: 5 (sum of {3, -2, 4})&lt;BR&gt;o Input: [1, 10, 3, -6, 15, 1], Output: 16 (sum of {15, 1})&lt;BR&gt;&lt;BR&gt;3)The method is expected to return given output of following  input provided to it showing below       &lt;table class='table table-bordered'&gt;&lt;tr&gt;&lt;th&gt;Input&lt;/th&gt;	&lt;th&gt;Output&lt;/th&gt;	&lt;/tr&gt;&lt;tr&gt;&lt;td&gt;{2, -8, 3, -2, 4,-10}&lt;/td&gt;&lt;td&gt;5&lt;/td&gt;&lt;/tr&gt;&lt;td&gt;{1, 10, 3, -6, 15, 1}&lt;/td&gt;&lt;td&gt;24&lt;/td&gt;&lt;/tr&gt;&lt;tr&gt;&lt;td&gt;{1, 5, 10, 2, 1, 3}&lt;/td&gt;&lt;td&gt;{0,4}&lt;/td&gt;&lt;/tr&gt;&lt;tr&gt;&lt;td&gt;{2, -8, 3, -6, 15, 1,-10}&lt;/td&gt;&lt;td&gt;16&lt;/td&gt;&lt;/tr&gt;&lt;tr&gt;&lt;td&gt;{3,-1,8,-5,-7,-3}&lt;/td&gt;&lt;td&gt;10&lt;/td&gt;&lt;/tr&gt;&lt;table&gt;&lt;h5&gt;Please do not change class name and method name&lt;/h5&gt;</QUESTION_INSTRUCTION>
      <QUESTION_DESCRIPTION>public class MyClassThree
 {&lt;BR&gt;&lt;BR&gt; public static int largestSum (int series [])&lt;BR&gt;&lt;BR&gt;{&lt;BR&gt; /*&lt;BR&gt;&lt;BR&gt; &lt;BR&gt;Please Write your code here&lt;BR&gt;&lt;BR&gt; */&lt;BR&gt; &lt;BR&gt; return 0;}&lt;BR&gt;&lt;BR&gt; public static void main(String arr[])&lt;BR&gt; {&lt;BR&gt; /* largestSum(input);*/&lt;BR&gt; }&lt;BR&gt; } &lt;BR&gt;</QUESTION_DESCRIPTION>
      <ANSWER>public class MyClassThree&lt;br&gt; {&lt;br&gt;&lt;br&gt; public static int largestSum (int series [])&lt;br&gt;&lt;br&gt;{&lt;br&gt; int currentSUM=0; /* varible intalize*/&lt;br&gt; &lt;br&gt; int currentMAX=0; /* varible intalize*/&lt;br&gt; &lt;br&gt; for(int i=0;i&amp;lt;series.length;i++) /* for loop*/&lt;br&gt; &lt;br&gt; {&lt;br&gt; currentSUM += series(i);&lt;br&gt; &lt;br&gt; if(currentMAX &amp;lt; currentSUM) /* if condition check */&lt;br&gt; &lt;br&gt; &lt;br&gt; &lt;br&gt; &lt;br&gt; currentMAX = currentSUM;&lt;br&gt; &lt;br&gt; elseif(currentSUM &amp;lt; 0) /*else condition check */&lt;br&gt; &lt;br&gt; &lt;br&gt; currentSUM = 0;&lt;br&gt; &lt;br&gt; }&lt;br&gt; return currentMAX;&lt;br&gt; } /* value return */&lt;br&gt; public static void main(String arr[])&lt;br&gt; {&lt;br&gt; &lt;br&gt; &lt;br&gt; /* largestSum(input);*/&lt;br&gt; }&lt;br&gt; } &lt;br&gt;</ANSWER>
      <MARK>0</MARK>
      <TEST_CASE>
         <TEST_SCRIPT>@Test public void largestSum1(){int a[]={2, -8, 3, -2, 4,-10}; assertEquals(5,largestSum(a));}</TEST_SCRIPT>
         <TEST_SCRIPT>@Test public void largestSum2(){int a[]={1, 10, 3, -6, 15, 1}; assertEquals(24,largestSum(a));}</TEST_SCRIPT>
         <TEST_SCRIPT>@Test public void largestSum3(){int a[]={2, -8, 3, -6, 15, 1,-10}; assertEquals(16,largestSum(a));}</TEST_SCRIPT>
         <TEST_SCRIPT>@Test public void largestSum4(){int a[]={-2, -8, -3, -9}; assertEquals(-10,largestSum(a));}</TEST_SCRIPT>
         <TEST_SCRIPT>@Test public void largestSum5(){int a[]={3,-1,8,-5,-7,-3}; assertEquals(10,largestSum(a));}</TEST_SCRIPT>
      </TEST_CASE>
   </QUESTION>
   
    <QUESTION>
      <QUESTION_ID>6</QUESTION_ID>
      <QUESTION_CATEGORY_NAME>Multichoice</QUESTION_CATEGORY_NAME>
      <QUESTION_TYPE>TEXT</QUESTION_TYPE>
      <QUESTION_INSTRUCTION> </QUESTION_INSTRUCTION>
      <QUESTION_DESCRIPTION>Which of the following statements are true regarding lifecycle of a servlet</QUESTION_DESCRIPTION>
      <OPTIONS>
         <OPTION>Only one instance of servlet is created throughout the lifecycle of a servlet</OPTION>
         <OPTION>All requests submitted to a servlet invokes “service” method of the same instance of the servlet</OPTION>
         <OPTION>New instance of the servlet is created to handle each request submitted to the servlet</OPTION>
         <OPTION>A variable declared within a servlet will be shared in processing of all requests submitted to the servlet</OPTION>
         <OPTION>Service method of the servlet can be invoked by only one request submitted to it at a time</OPTION>
         
      </OPTIONS>
      <ANSWER>2,1,1,1,1</ANSWER>
      <MARK>-1</MARK>
      <CORRECT_ANSWER>1</CORRECT_ANSWER>
      <CORRECT_ANSWER>1</CORRECT_ANSWER>
      <CORRECT_ANSWER>2</CORRECT_ANSWER>
      <CORRECT_ANSWER>1</CORRECT_ANSWER>
      <CORRECT_ANSWER>2</CORRECT_ANSWER>
     
      
   </QUESTION>
   
    <QUESTION>
      <QUESTION_ID>7</QUESTION_ID>
      <QUESTION_CATEGORY_NAME>Multichoice</QUESTION_CATEGORY_NAME>
      <QUESTION_TYPE>TEXT</QUESTION_TYPE>
      <QUESTION_INSTRUCTION> </QUESTION_INSTRUCTION>
      <QUESTION_DESCRIPTION>Which of the following statements are true regarding Interface in Java</QUESTION_DESCRIPTION>
      <OPTIONS>
         <OPTION>Interface can have private and protected methods</OPTION>
         <OPTION>All methods declared in interface are public</OPTION>
         <OPTION>All variables declared in interface are public</OPTION>
         <OPTION>All variables declared in interface are instance variables</OPTION>
         <OPTION>All variables declared in interface are final</OPTION>
      </OPTIONS>
      <ANSWER>2,1,1,2,1</ANSWER>
      <MARK>5</MARK>
      <CORRECT_ANSWER>2</CORRECT_ANSWER>
      <CORRECT_ANSWER>1</CORRECT_ANSWER>
      <CORRECT_ANSWER>1</CORRECT_ANSWER>
      <CORRECT_ANSWER>2</CORRECT_ANSWER>
      <CORRECT_ANSWER>1</CORRECT_ANSWER>
      
   </QUESTION>
   <QUESTION>
      <QUESTION_ID>8</QUESTION_ID>
      <QUESTION_CATEGORY_NAME>Multichoice</QUESTION_CATEGORY_NAME>
      <QUESTION_TYPE>TEXT</QUESTION_TYPE>
      <QUESTION_INSTRUCTION> </QUESTION_INSTRUCTION>
      <QUESTION_DESCRIPTION>How does your computer when connected to network know which DNS server (Domain name server) it should use while browsing websites using names (e.g. Google.com).</QUESTION_DESCRIPTION>
      <OPTIONS>
         <OPTION>User can manually configure the DNS server computer should use</OPTION>
         <OPTION>Computer automatically receives it from DHCP server</OPTION>
         <OPTION>Computer doesn’t know which DNS server to use, it is ISP (Internet service provider’s) responsibility to convert domain names to IP address</OPTION>
         <OPTION>Computer doesn’t know the IP address of DNS server, browser gets it from internet and sends the Domain name request to it to get IP address</OPTION>
         <OPTION> Browser uses the DNS server’s address configured in computer to send the Domain name request to get IP address</OPTION>
       
      </OPTIONS>
      <ANSWER>2,1,1,2,1</ANSWER>
      <MARK>1</MARK>
      <CORRECT_ANSWER>1</CORRECT_ANSWER>
      <CORRECT_ANSWER>1</CORRECT_ANSWER>
      <CORRECT_ANSWER>2</CORRECT_ANSWER>
      <CORRECT_ANSWER>2</CORRECT_ANSWER>
      <CORRECT_ANSWER>1</CORRECT_ANSWER>      
     
   </QUESTION>
   
    <QUESTION>
      <QUESTION_ID>9</QUESTION_ID>
      <QUESTION_CATEGORY_NAME>Multichoice</QUESTION_CATEGORY_NAME>
      <QUESTION_TYPE>TEXT</QUESTION_TYPE>
      <QUESTION_INSTRUCTION> </QUESTION_INSTRUCTION>
      <QUESTION_DESCRIPTION>Semaphore is a variable used for controlling access to a common resource in parallel programming or multi-user environment. Please mark statements as correct or incorrect in context of Semaphores used in Operating System</QUESTION_DESCRIPTION>
      <OPTIONS>
         <OPTION>Semaphore cannot be accessed by multiple processes together</OPTION>
         <OPTION>Semaphores which allow an arbitrary resource count are called counting semaphores</OPTION>
         <OPTION>Mutex is essentially the same thing as a binary semaphore and sometimes uses the same basic implementation</OPTION>
         <OPTION>Semaphores are equipped with 2 operations Wait and Signal</OPTION>
         <OPTION>Semaphore have a concept of an owner, which is the process that locked the Semaphore. Only the process that locked the Semaphore can unlock it. In contrast, a Mutex has no concept of an owner. Any process can unlock a Mutex</OPTION>
        
       
      </OPTIONS>
      <ANSWER>1,1,1,1,2</ANSWER>
      <MARK>3</MARK>
      <CORRECT_ANSWER>2</CORRECT_ANSWER>
      <CORRECT_ANSWER>1</CORRECT_ANSWER>
      <CORRECT_ANSWER>1</CORRECT_ANSWER>
      <CORRECT_ANSWER>1</CORRECT_ANSWER>
      <CORRECT_ANSWER>2</CORRECT_ANSWER>
        
     
   </QUESTION>
   
   
   
   
</QUESTION_PAPER>
