<?xml version="1.0" encoding="UTF-8"?>
<QUESTION_PAPER>
   <QUESTION_PAPER_INFORMATION>
      <QUESTION_PAPER_DESCRIPTION>SET A</QUESTION_PAPER_DESCRIPTION>
   </QUESTION_PAPER_INFORMATION>
   <QUESTION>
      <QUESTION_ID>1</QUESTION_ID>
      <QUESTION_CATEGORY_NAME>SQL</QUESTION_CATEGORY_NAME>
      <QUESTION_TYPE>TEXT</QUESTION_TYPE>
      <QUESTION_INSTRUCTION> </QUESTION_INSTRUCTION>
      <QUESTION_DESCRIPTION> Get name of of person with difference between JOINING_DATE and INCENTIVE_DATE from person and incentives table.
&amp;nbsp;&lt;/div&gt;&lt;b&gt;Table : person&lt;/b&gt;&lt;br&gt;&lt;pre id=""&gt;&lt;pre id=""&gt;&lt;table border="1" cellspacing="0" cellpadding="0" &gt;&lt;tbody&gt;&lt;tr&gt;&lt;td&gt;&lt;b&gt;PERSON_ID&lt;/b&gt;&lt;/td&gt;&lt;td&gt;&lt;b&gt;FIRST_NAME&lt;/b&gt;&lt;/td&gt;&lt;td&gt;&lt;b&gt;LAST_NAME&lt;/b&gt;&lt;/td&gt;&lt;td&gt;&lt;b&gt;SALARY&lt;/b&gt;&lt;/td&gt;&lt;td&gt;&lt;b&gt;JOINING_DATE&lt;/b&gt;&lt;/td&gt;&lt;td&gt;&lt;b&gt;DEPARTMENT&lt;/b&gt;&lt;/td&gt;&lt;/tr&gt;&lt;tr&gt;&lt;td&gt;1&lt;/td&gt;&lt;td&gt;Jhon&lt;/td&gt;&lt;td&gt;Abraham&lt;/td&gt;&lt;td&gt;1000000&lt;/td&gt;&lt;td&gt;01-JAN-13 12.00.00 AM&lt;/td&gt;&lt;td&gt;Banking&lt;/td&gt;&lt;/tr&gt;&lt;tr&gt;&lt;td&gt;2&lt;/td&gt;&lt;td&gt;Michael&lt;/td&gt;&lt;td&gt;Clarke&lt;/td&gt;&lt;td&gt;800000&lt;/td&gt;&lt;td&gt;01-JAN-13 12.00.00 AM&lt;/td&gt;&lt;td&gt;Insurance&lt;/td&gt;&lt;/tr&gt;&lt;tr&gt;&lt;td&gt;3&lt;/td&gt;&lt;td&gt;Roy&lt;/td&gt;&lt;td&gt;Thomas&lt;/td&gt;&lt;td&gt;700000&lt;/td&gt;&lt;td&gt;01-FEB-13 12.00.00 AM&lt;/td&gt;&lt;td&gt;Banking&lt;/td&gt;&lt;/tr&gt;&lt;tr&gt;&lt;td&gt;4&lt;/td&gt;&lt;td&gt;Tom&lt;/td&gt;&lt;td&gt;Jose&lt;/td&gt;&lt;td&gt;600000&lt;/td&gt;&lt;td&gt;01-FEB-13 12.00.00 AM&lt;/td&gt;&lt;td&gt;Insurance&lt;/td&gt;&lt;/tr&gt;&lt;tr&gt;&lt;td&gt;5&lt;/td&gt;&lt;td&gt;Jerry&lt;/td&gt;&lt;td&gt;Pinto&lt;/td&gt;&lt;td&gt;650000&lt;/td&gt;&lt;td&gt;01-FEB-13 12.00.00 AM&lt;/td&gt;&lt;td&gt;Insurance&lt;/td&gt;&lt;/tr&gt;&lt;tr&gt;&lt;td&gt;6&lt;/td&gt;&lt;td&gt;Philip&lt;/td&gt;&lt;td&gt;Mathew&lt;/td&gt;&lt;td&gt;750000&lt;/td&gt;&lt;td&gt;01-JAN-13 12.00.00 AM&lt;/td&gt;&lt;td&gt;Services&lt;/td&gt;&lt;/tr&gt;&lt;tr&gt;&lt;td&gt;7&lt;/td&gt;&lt;td&gt;TestName1&lt;/td&gt;&lt;td&gt;123&lt;/td&gt;&lt;td&gt;650000&lt;/td&gt;&lt;td&gt;01-JAN-13 12.00.00 AM&lt;/td&gt;&lt;td&gt;Services&lt;/td&gt;&lt;/tr&gt;&lt;tr&gt;&lt;td&gt;8&lt;/td&gt;&lt;td&gt;TestName2&lt;/td&gt;&lt;td&gt;Lname%&lt;/td&gt;&lt;td&gt;600000&lt;/td&gt;&lt;td&gt;01-FEB-13 12.00.00 AM&lt;/td&gt;&lt;td&gt;Insurance&lt;br /&gt;&lt;/td&gt;&lt;/tr&gt;&lt;/tbody&gt;&lt;/table&gt;&lt;/pre&gt; &lt;/pre&gt;
		&amp;nbsp;&lt;/div&gt;&lt;b&gt;Table : incentives&lt;/b&gt;&lt;br&gt;&lt;pre id=""&gt;&lt;pre id=""&gt;&lt;table border="1" cellspacing="0" cellpadding="0" &gt;&lt;tbody&gt;&lt;tr&gt;&lt;td&gt;&lt;b&gt;PERSON_REF_ID&lt;/b&gt;&lt;/td&gt;&lt;td&gt;&lt;b&gt;INCENTIVE_DATE&lt;/b&gt;&lt;/td&gt;&lt;td&gt;&lt;b&gt;INCENTIVE_AMOUNT&lt;/b&gt;&lt;/td&gt;&lt;/tr&gt;&lt;tr&gt;&lt;td&gt;1&lt;/td&gt;&lt;td&gt;01-FEB-13&lt;/td&gt;&lt;td&gt;5000&lt;/td&gt;&lt;/tr&gt;&lt;tr&gt;&lt;td&gt;2&lt;/td&gt;&lt;td&gt;01-FEB-13&lt;/td&gt;&lt;td&gt;3000&lt;/td&gt;&lt;/tr&gt;&lt;tr&gt;&lt;td&gt;3&lt;/td&gt;&lt;td&gt;01-FEB-13&lt;/td&gt;&lt;td&gt;4000&lt;/td&gt;&lt;/tr&gt;&lt;tr&gt;&lt;td&gt;1&lt;/td&gt;&lt;td&gt;01-JAN-13&lt;/td&gt;&lt;td&gt;4500&lt;/td&gt;&lt;/tr&gt;&lt;tr&gt;&lt;td&gt;2&lt;/td&gt;&lt;td&gt;01-JAN-13&lt;/td&gt;&lt;td&gt;3500&lt;/td&gt;&lt;/tr&gt;&lt;/tbody&gt;&lt;/table&gt;&lt;/pre&gt; &lt;/pre&gt;
		</QUESTION_DESCRIPTION>
      <ANSWER> </ANSWER>
      <MARK>0</MARK>
      <CORRECT_ANSWER> [{"1":-2.0130080989799E13,"0":"john"},{"1":-2.0130080989799E13,"0":"Michael"},{"1":-2.0130180989799E13,"0":"Roy"},{"1":-2.0130080989899E13,"0":"john"},{"1":-2.0130080989899E13,"0":"Michael"}]</CORRECT_ANSWER>
   </QUESTION>
   <QUESTION>
      <QUESTION_ID>2</QUESTION_ID>
      <QUESTION_CATEGORY_NAME>SQL</QUESTION_CATEGORY_NAME>
      <QUESTION_TYPE>TEXT</QUESTION_TYPE>
      <QUESTION_INSTRUCTION> </QUESTION_INSTRUCTION>
      <QUESTION_DESCRIPTION>Question: Select first_name, incentive_amount from person and incentives table for those person who have incentives and incentive_amount greater than 3000.
      &amp;nbsp;&lt;/div&gt;&lt;b&gt;Table : person&lt;/b&gt;&lt;br&gt;&lt;pre id=""&gt;&lt;pre id=""&gt;&lt;table border="1" cellspacing="0" cellpadding="0" &gt;&lt;tbody&gt;&lt;tr&gt;&lt;td&gt;&lt;b&gt;PERSON_ID&lt;/b&gt;&lt;/td&gt;&lt;td&gt;&lt;b&gt;FIRST_NAME&lt;/b&gt;&lt;/td&gt;&lt;td&gt;&lt;b&gt;LAST_NAME&lt;/b&gt;&lt;/td&gt;&lt;td&gt;&lt;b&gt;SALARY&lt;/b&gt;&lt;/td&gt;&lt;td&gt;&lt;b&gt;JOINING_DATE&lt;/b&gt;&lt;/td&gt;&lt;td&gt;&lt;b&gt;DEPARTMENT&lt;/b&gt;&lt;/td&gt;&lt;/tr&gt;&lt;tr&gt;&lt;td&gt;1&lt;/td&gt;&lt;td&gt;John&lt;/td&gt;&lt;td&gt;Abraham&lt;/td&gt;&lt;td&gt;1000000&lt;/td&gt;&lt;td&gt;01-JAN-13 12.00.00 AM&lt;/td&gt;&lt;td&gt;Banking&lt;/td&gt;&lt;/tr&gt;&lt;tr&gt;&lt;td&gt;2&lt;/td&gt;&lt;td&gt;Michael&lt;/td&gt;&lt;td&gt;Clarke&lt;/td&gt;&lt;td&gt;800000&lt;/td&gt;&lt;td&gt;01-JAN-13 12.00.00 AM&lt;/td&gt;&lt;td&gt;Insurance&lt;/td&gt;&lt;/tr&gt;&lt;tr&gt;&lt;td&gt;3&lt;/td&gt;&lt;td&gt;Roy&lt;/td&gt;&lt;td&gt;Thomas&lt;/td&gt;&lt;td&gt;700000&lt;/td&gt;&lt;td&gt;01-FEB-13 12.00.00 AM&lt;/td&gt;&lt;td&gt;Banking&lt;/td&gt;&lt;/tr&gt;&lt;tr&gt;&lt;td&gt;4&lt;/td&gt;&lt;td&gt;Tom&lt;/td&gt;&lt;td&gt;Jose&lt;/td&gt;&lt;td&gt;600000&lt;/td&gt;&lt;td&gt;01-FEB-13 12.00.00 AM&lt;/td&gt;&lt;td&gt;Insurance&lt;/td&gt;&lt;/tr&gt;&lt;tr&gt;&lt;td&gt;5&lt;/td&gt;&lt;td&gt;Jerry&lt;/td&gt;&lt;td&gt;Pinto&lt;/td&gt;&lt;td&gt;650000&lt;/td&gt;&lt;td&gt;01-FEB-13 12.00.00 AM&lt;/td&gt;&lt;td&gt;Insurance&lt;/td&gt;&lt;/tr&gt;&lt;tr&gt;&lt;td&gt;6&lt;/td&gt;&lt;td&gt;Philip&lt;/td&gt;&lt;td&gt;Mathew&lt;/td&gt;&lt;td&gt;750000&lt;/td&gt;&lt;td&gt;01-JAN-13 12.00.00 AM&lt;/td&gt;&lt;td&gt;Services&lt;/td&gt;&lt;/tr&gt;&lt;tr&gt;&lt;td&gt;7&lt;/td&gt;&lt;td&gt;TestName1&lt;/td&gt;&lt;td&gt;123&lt;/td&gt;&lt;td&gt;650000&lt;/td&gt;&lt;td&gt;01-JAN-13 12.00.00 AM&lt;/td&gt;&lt;td&gt;Services&lt;/td&gt;&lt;/tr&gt;&lt;tr&gt;&lt;td&gt;8&lt;/td&gt;&lt;td&gt;TestName2&lt;/td&gt;&lt;td&gt;Lname%&lt;/td&gt;&lt;td&gt;600000&lt;/td&gt;&lt;td&gt;01-FEB-13 12.00.00 AM&lt;/td&gt;&lt;td&gt;Insurance&lt;br /&gt;&lt;/td&gt;&lt;/tr&gt;&lt;/tbody&gt;&lt;/table&gt;&lt;/pre&gt; &lt;/pre&gt;
&amp;nbsp;&lt;/div&gt;&lt;b&gt;Table : incentives&lt;/b&gt;&lt;br&gt;&lt;pre id=""&gt;&lt;pre id=""&gt;&lt;table border="1" cellspacing="0" cellpadding="0" &gt;&lt;tbody&gt;&lt;tr&gt;&lt;td&gt;&lt;b&gt;PERSON_REF_ID&lt;/b&gt;&lt;/td&gt;&lt;td&gt;&lt;b&gt;INCENTIVE_DATE&lt;/b&gt;&lt;/td&gt;&lt;td&gt;&lt;b&gt;INCENTIVE_AMOUNT&lt;/b&gt;&lt;/td&gt;&lt;/tr&gt;&lt;tr&gt;&lt;td&gt;1&lt;/td&gt;&lt;td&gt;01-FEB-13&lt;/td&gt;&lt;td&gt;5000&lt;/td&gt;&lt;/tr&gt;&lt;tr&gt;&lt;td&gt;2&lt;/td&gt;&lt;td&gt;01-FEB-13&lt;/td&gt;&lt;td&gt;3000&lt;/td&gt;&lt;/tr&gt;&lt;tr&gt;&lt;td&gt;3&lt;/td&gt;&lt;td&gt;01-FEB-13&lt;/td&gt;&lt;td&gt;4000&lt;/td&gt;&lt;/tr&gt;&lt;tr&gt;&lt;td&gt;1&lt;/td&gt;&lt;td&gt;01-JAN-13&lt;/td&gt;&lt;td&gt;4500&lt;/td&gt;&lt;/tr&gt;&lt;tr&gt;&lt;td&gt;2&lt;/td&gt;&lt;td&gt;01-JAN-13&lt;/td&gt;&lt;td&gt;3500&lt;/td&gt;&lt;/tr&gt;&lt;/tbody&gt;&lt;/table&gt;&lt;/pre&gt; &lt;/pre&gt;
     </QUESTION_DESCRIPTION>
      <ANSWER> </ANSWER>
      <MARK>0</MARK>
      <CORRECT_ANSWER>[{"1":5000,"0":"john"},{"1":4000,"0":"Roy"},{"1":4500,"0":"john"},{"1":3500,"0":"Michael"}]</CORRECT_ANSWER>
   </QUESTION>
     
    <QUESTION>
      <QUESTION_ID>3</QUESTION_ID>
      <QUESTION_CATEGORY_NAME>JAVA</QUESTION_CATEGORY_NAME>
      <QUESTION_TYPE>TEXT</QUESTION_TYPE>
      <QUESTION_INSTRUCTION>&lt;h5&gt;Please code java program as per the instructions provided in the comments in right hand section&lt;/h5&gt;&lt;br&gt;&lt;ul&gt;&lt;li&gt;Do NOT change the name of the class or method provided in the code&lt;/li&gt;&lt;br&gt;&lt;li&gt;Make sure the code gets compiled properly before the final submission. Any compilation error would be displayed on your screen, when you execute the program&lt;/li&gt;&lt;br&gt;&lt;li&gt;You are expected to write all your test inputs in main method and test your code before submission&lt;/li&gt;&lt;br&gt;&lt;/ul&gt;&lt;br&gt;&lt;p&gt;&lt;/p&gt;&lt;h5&gt;Please ensure that the code you submit is professionally written i.e.&lt;/h5&gt;&lt;h5&gt;&lt;p&gt;&lt;/p&gt;&lt;br&gt;&lt;ul&gt;&lt;br&gt;&lt;li&gt;Add necessary checks for bad input e.g. null/ empty check, test for not null, zero input etc&lt;/li&gt;&lt;br&gt;&lt;li&gt;Add proper comments&lt;/li&gt;&lt;br&gt;&lt;li&gt;Perform appropriate exception handling whereever needed&lt;/li&gt;&lt;br&gt;&lt;/ul&gt;&lt;br&gt;&lt;/h5&gt;</QUESTION_INSTRUCTION>
      <QUESTION_DESCRIPTION>public class MyClassOne
 {&lt;BR&gt; public static String shortenedString (String inputData, char charcterToBeRemoved)&lt;BR&gt;{&lt;BR&gt; /*&lt;BR&gt;&lt;BR&gt; Please implement this method to return the string .to remove all dublicate character.&lt;BR&gt;&lt;BR&gt;&lt;BR&gt; For example, &lt;BR&gt; Input: (Greetings, e), Output: Grtings&lt;BR&gt; Input: (Amazing, a), Output: mzing&lt;BR&gt;&lt;BR&gt; */&lt;BR&gt; &lt;BR&gt; return null; }&lt;BR&gt;&lt;BR&gt; public static void main(String arr[])&lt;BR&gt; {&lt;BR&gt; /* Main Method*/&lt;BR&gt; }&lt;BR&gt; } &lt;BR&gt; </QUESTION_DESCRIPTION>
      <ANSWER> </ANSWER>
      <MARK>0</MARK>
      <TEST_CASE>
         <TEST_SCRIPT>@Test public void shortenedString1(){ String input="welcome";char occurence = 'o'; String answer="welcme"; assertEquals(answer,shortenedString(input,occurence) );}</TEST_SCRIPT>
         <TEST_SCRIPT>@Test public void shortenedString2(){ String input="hello world";char occurence = 'l'; String answer="heo word"; assertEquals(answer,shortenedString(input,occurence) );}</TEST_SCRIPT>
         <TEST_SCRIPT>@Test public void shortenedString3(){ String input="Amazing";char occurence = 'a'; String answer="mzing"; assertEquals(answer,shortenedString(input,occurence) );}</TEST_SCRIPT>
         <TEST_SCRIPT>@Test public void shortenedString4(){
	String input="Johnson john";char occurence = 'J'; String answer="ohnson john"; assertEquals(answer,shortenedString(input,occurence)  );}</TEST_SCRIPT>
         <TEST_SCRIPT>@Test public void shortenedString5(){
	String input="GrEettingEe";char occurence = 'E'; String answer="Grettinge"; assertEquals(answer,shortenedString(input,occurence)  );}</TEST_SCRIPT>
      </TEST_CASE>
   </QUESTION>
   <QUESTION>
      <QUESTION_ID>4</QUESTION_ID>
      <QUESTION_CATEGORY_NAME>JAVA</QUESTION_CATEGORY_NAME>
      <QUESTION_TYPE>TEXT</QUESTION_TYPE>
      <QUESTION_INSTRUCTION>&lt;h5&gt;Please code java program as per the instructions provided in the comments in right hand section&lt;/h5&gt;&lt;br&gt;&lt;ul&gt;&lt;li&gt;Do NOT change the name of the class or method provided in the code&lt;/li&gt;&lt;br&gt;&lt;li&gt;Make sure the code gets compiled properly before the final submission. Any compilation error would be displayed on your screen, when you execute the program&lt;/li&gt;&lt;br&gt;&lt;li&gt;You are expected to write all your test inputs in main method and test your code before submission&lt;/li&gt;&lt;br&gt;&lt;/ul&gt;&lt;br&gt;&lt;p&gt;&lt;/p&gt;&lt;h5&gt;Please ensure that the code you submit is professionally written i.e.&lt;/h5&gt;&lt;h5&gt;&lt;p&gt;&lt;/p&gt;&lt;br&gt;&lt;ul&gt;&lt;br&gt;&lt;li&gt;Add necessary checks for bad input e.g. null/ empty check, test for not null, zero input etc&lt;/li&gt;&lt;br&gt;&lt;li&gt;Add proper comments&lt;/li&gt;&lt;br&gt;&lt;li&gt;Perform appropriate exception handling whereever needed&lt;/li&gt;&lt;br&gt;&lt;/ul&gt;&lt;br&gt;&lt;/h5&gt;</QUESTION_INSTRUCTION>
      <QUESTION_DESCRIPTION>public class MyClassTwo
 {&lt;BR&gt;&lt;BR&gt;public static int CountOccurance (String doc [], String wordToSearch)&lt;BR&gt;{&lt;BR&gt;&lt;BR&gt;/* Please implement this method to return the no .of occurance in given array.&lt;BR&gt; For example, &lt;BR&gt;Example data&lt;BR&gt;o Input: ([abc, def, ghi, def, xyz], abc), Output: 1&lt;BR&gt;o Input: ([a1, a2, a1, a2, a3, a1, a3, a4], a3), Output: 2&lt;BR&gt; */&lt;BR&gt;return 0; }&lt;BR&gt; public static void main(String arr[])&lt;BR&gt; {&lt;BR&gt; /* Main Method*/&lt;BR&gt; }&lt;BR&gt; } &lt;BR&gt;</QUESTION_DESCRIPTION>
      <ANSWER> </ANSWER>
      <MARK>0</MARK>
      <TEST_CASE>
         <TEST_SCRIPT>@Test public void CountOccurance1(){ String []input={"abc", "def", "ghi", "def", "xyz","abc","abc"};String s="abc"; assertEquals(3,CountOccurance(input,s));}</TEST_SCRIPT>
         <TEST_SCRIPT>@Test public void CountOccurance2(){ String []input={"abc", "def", "ghi", "def", "xyz","abc","abc"};String s="abc"; assertEquals(3,CountOccurance(input,s));}</TEST_SCRIPT>
         <TEST_SCRIPT>@Test public void CountOccurance3(){ String []input={"abc", "def", "ghi", "def", "xyz","abc","abc"};String s="abc"; assertEquals(3,CountOccurance(input,s));}</TEST_SCRIPT>
         <TEST_SCRIPT>@Test public void CountOccurance4(){ String []input={"abc", "def", "ghi", "def", "xyz","abc","abc"};String s="abc"; assertEquals(3,CountOccurance(input,s));}</TEST_SCRIPT>
         <TEST_SCRIPT>@Test public void CountOccurance5(){ String []input={"abc", "def", "ghi", "def", "xyz","abc","abc"};String s="abc"; assertEquals(3,CountOccurance(input,s));}</TEST_SCRIPT>
      </TEST_CASE>
   </QUESTION>
   
   
   <QUESTION>
      <QUESTION_ID>5</QUESTION_ID>
      <QUESTION_CATEGORY_NAME>JAVA</QUESTION_CATEGORY_NAME>
      <QUESTION_TYPE>TEXT</QUESTION_TYPE>
      <QUESTION_INSTRUCTION>&lt;h5&gt;Please code java program as per the instructions provided in the comments in right hand section&lt;/h5&gt;&lt;BR&gt;&lt;ul&gt; &lt;li&gt;Do NOT change the name of the class or method provided in the code&lt;/li&gt;&lt;BR&gt;&lt;li&gt;Make sure the code gets compiled properly before the final submission. Any compilation error would be displayed on your screen, when you execute the program&lt;/li&gt;&lt;BR&gt;&lt;li&gt;You are expected to write all your test inputs in main method and test your code before submission&lt;/li&gt;&lt;BR&gt;&lt;/ul&gt;&lt;BR&gt;&lt;p&gt;&lt;h5&gt;Please ensure that the code you submit is professionally written i.e.&lt;h5&gt;&lt;/p&gt;&lt;BR&gt;&lt;ul&gt;&lt;BR&gt;&lt;li&gt;Add necessary checks for bad input e.g. null/ empty check, test for not null, zero input etc&lt;/li&gt;&lt;BR&gt;&lt;li&gt;Add proper comments&lt;/li&gt;&lt;BR&gt;&lt;li&gt;Perform appropriate exception handling whereever needed&lt;/li&gt;&lt;BR&gt;&lt;/ul&gt;&lt;BR&gt;&lt;p&gt;&lt;/p&gt;&lt;BR&gt;</QUESTION_INSTRUCTION>
      <QUESTION_DESCRIPTION>public class MyClassThree
 { 
 public static int getClosestToZero(int[] a){
 
/*  please implement this method to return the number in the array that is closest to zero.If there are two equally close to zero elements like 2 and -2 consider the positive element to be "closer" to zero.
 For example:
 input:[2,5,10,1,-5],output:1;
 input:[-4,5,4,-6],output:4; */
  return 0;
  } 
   public static void main(String s[]) 
   { 
   /* Main Method*/ 
   } 
   
   }
   </QUESTION_DESCRIPTION>
      <ANSWER> </ANSWER>
      <MARK>0</MARK>
      <TEST_CASE>
         <TEST_SCRIPT>@Test public void getClosestToZeroTest1(){int[] temp_array = {9, 22, -3, 3, 5, 8};assertEquals(3,getClosestToZero(temp_array));}</TEST_SCRIPT>
         <TEST_SCRIPT>@Test public void getClosestToZeroTest2(){int[] temp_array = {10, 22, 6, 3, 17, 1}; assertEquals(1,getClosestToZero(temp_array));}</TEST_SCRIPT>
         <TEST_SCRIPT>@Test public void getClosestToZeroTest3(){int[] temp_array = {6, -6, 0, 3, 15, 18}; assertEquals(0,getClosestToZero(temp_array));}</TEST_SCRIPT>
         <TEST_SCRIPT>@Test public void getClosestToZeroTest4(){int[] temp_array = {2, 22, -3, 13, 85, 28}; assertEquals(2,getClosestToZero(temp_array));}</TEST_SCRIPT>
         <TEST_SCRIPT>@Test public void getClosestToZeroTest5(){int[] temp_array = {1, -1, -3, 3, 5, 8}; assertEquals(1,getClosestToZero(temp_array));}</TEST_SCRIPT>
      </TEST_CASE>
   </QUESTION>
   <QUESTION>
      <QUESTION_ID>6</QUESTION_ID>
      <QUESTION_CATEGORY_NAME>Multichoice</QUESTION_CATEGORY_NAME>
      <QUESTION_TYPE>TEXT</QUESTION_TYPE>
      <QUESTION_INSTRUCTION> </QUESTION_INSTRUCTION>
      <QUESTION_DESCRIPTION>How does session management work between Browser and Java application server (Tomcat). Please mark which of the below statements are true</QUESTION_DESCRIPTION>
      <OPTIONS>
         <OPTION>Session is created by the server and is maintained by the server</OPTION>
         <OPTION>Server maps each http request coming from the browser to a session using IP address of computer where request is coming from</OPTION>
         <OPTION>Server maps each http request coming from browser using session Id sent in the request by the browser</OPTION>
         <OPTION> Server send the session id back to browser as part of http response</OPTION>
         <OPTION>  Browser generates the session id and sends it to server</OPTION>
      </OPTIONS>
      <ANSWER> </ANSWER>
      <MARK>0</MARK>
      <CORRECT_ANSWER>1</CORRECT_ANSWER>
      <CORRECT_ANSWER>2</CORRECT_ANSWER>
      <CORRECT_ANSWER>1</CORRECT_ANSWER>
      <CORRECT_ANSWER>1</CORRECT_ANSWER>
      <CORRECT_ANSWER>2</CORRECT_ANSWER>
     
   </QUESTION>
   
   <QUESTION>
      <QUESTION_ID>7</QUESTION_ID>
      <QUESTION_CATEGORY_NAME>Multichoice</QUESTION_CATEGORY_NAME>
      <QUESTION_TYPE>TEXT</QUESTION_TYPE>
      <QUESTION_INSTRUCTION> </QUESTION_INSTRUCTION>
      <QUESTION_DESCRIPTION> Review following class. Which of the below is true
Class X{
static synchronized f1(){
System.out.println(“This method is static and synchronized”);
}
static synchronized f2(){
System.out.println(“This method is also static and synchronized”);
}
}</QUESTION_DESCRIPTION>
      <OPTIONS>
         <OPTION>When one thread is executing X.f1(), another thread can execute X.f2() at the same time (concurrently)</OPTION>
         <OPTION>When one thread is executing X.f1(), another thread can NOT execute X.f2() concurrently</OPTION>
         <OPTION>Static methods cannot be synchronized </OPTION>
         <OPTION>When X.f1() is executed, to synchronize the method JVM acquires lock on Class X </OPTION>
         <OPTION>When X.f1() is executed, to synchronize the method JVM acquires lock on method f1()</OPTION>
      </OPTIONS>
      <ANSWER>2,1,2,1,2</ANSWER>
      <MARK>5</MARK>
      <CORRECT_ANSWER>2</CORRECT_ANSWER>
      <CORRECT_ANSWER>1</CORRECT_ANSWER>
      <CORRECT_ANSWER>2</CORRECT_ANSWER>
      <CORRECT_ANSWER>1</CORRECT_ANSWER>
      <CORRECT_ANSWER>2</CORRECT_ANSWER>
     
      
   </QUESTION>
   
   <QUESTION>
      <QUESTION_ID>8</QUESTION_ID>
      <QUESTION_CATEGORY_NAME>Multichoice</QUESTION_CATEGORY_NAME>
      <QUESTION_TYPE>TEXT</QUESTION_TYPE>
      <QUESTION_INSTRUCTION> </QUESTION_INSTRUCTION>
      <QUESTION_DESCRIPTION>How is DNS (Domain name server) used</QUESTION_DESCRIPTION>
      <OPTIONS>
         <OPTION>DNS converts domain name (website name) to IP address</OPTION>
         <OPTION>DNS gives domain names to IP address of various websites</OPTION>
         <OPTION>Browser sends the HTTP request to DNS and DNS sends the request to website server after converting it to ip address</OPTION>
         <OPTION> Browser sends a DNS query to DNS, gets IP address back from DNS and using that IP address sends a HTTP request to website server</OPTION>
         <OPTION>Browser sends the HTTP request to website and your ISP (Internet service provider) uses DNS to send that request to website server</OPTION>
      </OPTIONS>
      <ANSWER>1,2,2,1,2</ANSWER>
      <MARK>5</MARK>
      <CORRECT_ANSWER>1</CORRECT_ANSWER>
      <CORRECT_ANSWER>2</CORRECT_ANSWER>
      <CORRECT_ANSWER>2</CORRECT_ANSWER>
      <CORRECT_ANSWER>1</CORRECT_ANSWER>
      <CORRECT_ANSWER>2</CORRECT_ANSWER>
   </QUESTION>
   
   
   <QUESTION>
      <QUESTION_ID>9</QUESTION_ID>
      <QUESTION_CATEGORY_NAME>Multichoice</QUESTION_CATEGORY_NAME>
      <QUESTION_TYPE>TEXT</QUESTION_TYPE>
      <QUESTION_INSTRUCTION> </QUESTION_INSTRUCTION>
      <QUESTION_DESCRIPTION>   Which of the following statements are correct with respect to concept of virtual memory in operating systems</QUESTION_DESCRIPTION>
      <OPTIONS>
         <OPTION>Virtual memory is part of secondary memory or hard disk which acts as part of primary/main memory</OPTION>
         <OPTION> Virtual memory is additional memory/RAM that is installed on the computer</OPTION>
         <OPTION>Operating System stores data from main memory to hard disk when it is not being actively used. This storage in hard disk is called virtual memory</OPTION>
         <OPTION>Virtual memory is also known as swap space or swap memory</OPTION>
         <OPTION>Virtual memory helps in running more applications than what main memory or RAM could support</OPTION>
         
      </OPTIONS>
      <ANSWER>1,2,1,1,1</ANSWER>
      <MARK>5</MARK>
      <CORRECT_ANSWER>1</CORRECT_ANSWER>
      <CORRECT_ANSWER>2</CORRECT_ANSWER>
      <CORRECT_ANSWER>1</CORRECT_ANSWER>
      <CORRECT_ANSWER>1</CORRECT_ANSWER>
      <CORRECT_ANSWER>1</CORRECT_ANSWER>
     
   </QUESTION>
</QUESTION_PAPER>
